:ID(Device),device_id,device_name,vendor,device_model,inventory_timestamp:datetime,:LABEL
DEV-HP-0001,DEV-HP-0001,den-app-0001,HP,ProLiant DL380 Gen10,2026-06-21T06:00:00Z,Device
DEV-DELL-0002,DEV-DELL-0002,den-wks-0002,Dell,Precision 5680,2026-06-21T06:01:00Z,Device
DEV-HP-0003,DEV-HP-0003,sea-app-0003,HP,ProLiant DL360 Gen10,2026-06-21T06:02:00Z,Device
DEV-LENOVO-0004,DEV-LENOVO-0004,phx-lab-0004,Lenovo,ThinkCentre M90q Gen 3,2026-06-21T06:03:00Z,Device
DEV-HP-0005,DEV-HP-0005,sea-srv-0005,HP,ProLiant ML350 Gen10,2026-06-21T06:04:00Z,Device
DEV-DELL-0006,DEV-DELL-0006,atl-srv-0006,Dell,PowerEdge R740,2026-06-21T06:05:00Z,Device
DEV-DELL-0007,DEV-DELL-0007,phx-ops-0007,Dell,Precision 3561,2026-06-21T06:06:00Z,Device
DEV-HP-0008,DEV-HP-0008,dal-db-0008,HP,ProLiant DL380 Gen10,2026-06-21T06:07:00Z,Device
DEV-DELL-0009,DEV-DELL-0009,atl-srv-0009,Dell,PowerEdge R740,2026-06-21T06:08:00Z,Device
DEV-LENOVO-0010,DEV-LENOVO-0010,chi-lab-0010,Lenovo,ThinkPad T14 Gen 2,2026-06-21T06:09:00Z,Device
DEV-DELL-0011,DEV-DELL-0011,phx-lab-0011,Dell,Latitude 5420,2026-06-21T06:10:00Z,Device
DEV-DELL-0012,DEV-DELL-0012,sfo-ops-0012,Dell,OptiPlex 7010,2026-06-21T06:11:00Z,Device
DEV-DELL-0013,DEV-DELL-0013,chi-virt-0013,Dell,PowerEdge R750,2026-06-21T06:12:00Z,Device
DEV-LENOVO-0014,DEV-LENOVO-0014,mia-app-0014,Lenovo,ThinkSystem ST650 V2,2026-06-21T06:13:00Z,Device
DEV-DELL-0015,DEV-DELL-0015,phx-lab-0015,Dell,Latitude 5530,2026-06-21T06:14:00Z,Device
DEV-HP-0016,DEV-HP-0016,phx-cad-0016,HP,EliteBook 840 G9,2026-06-21T06:15:00Z,Device
DEV-LENOVO-0017,DEV-LENOVO-0017,den-eng-0017,Lenovo,ThinkStation P360,2026-06-21T06:16:00Z,Device
DEV-LENOVO-0018,DEV-LENOVO-0018,aus-app-0018,Lenovo,ThinkSystem SR650 V2,2026-06-21T06:17:00Z,Device
DEV-DELL-0019,DEV-DELL-0019,atl-cad-0019,Dell,OptiPlex 7090,2026-06-21T06:18:00Z,Device
DEV-DELL-0020,DEV-DELL-0020,sfo-app-0020,Dell,PowerEdge R650,2026-06-21T06:19:00Z,Device
DEV-LENOVO-0021,DEV-LENOVO-0021,rdu-eng-0021,Lenovo,ThinkPad X1 Carbon Gen 10,2026-06-21T06:20:00Z,Device
DEV-DELL-0022,DEV-DELL-0022,bos-app-0022,Dell,PowerEdge R750,2026-06-21T06:21:00Z,Device
DEV-DELL-0023,DEV-DELL-0023,bos-cad-0023,Dell,OptiPlex 7010,2026-06-21T06:22:00Z,Device
DEV-DELL-0024,DEV-DELL-0024,dal-lab-0024,Dell,Precision 5680,2026-06-21T06:23:00Z,Device
DEV-DELL-0025,DEV-DELL-0025,sfo-eng-0025,Dell,Latitude 5530,2026-06-21T06:24:00Z,Device
DEV-DELL-0026,DEV-DELL-0026,den-wks-0026,Dell,OptiPlex 7090,2026-06-21T06:25:00Z,Device
DEV-LENOVO-0027,DEV-LENOVO-0027,mia-app-0027,Lenovo,ThinkSystem SR630 V2,2026-06-21T06:26:00Z,Device
DEV-HP-0028,DEV-HP-0028,den-ops-0028,HP,EliteDesk 800 G6,2026-06-21T06:27:00Z,Device
DEV-DELL-0029,DEV-DELL-0029,chi-cad-0029,Dell,Precision 5680,2026-06-21T06:28:00Z,Device
DEV-HP-0030,DEV-HP-0030,nyc-srv-0030,HP,ProLiant DL360 Gen10,2026-06-21T06:29:00Z,Device
DEV-DELL-0031,DEV-DELL-0031,aus-app-0031,Dell,PowerEdge R750,2026-06-21T06:30:00Z,Device
DEV-HP-0032,DEV-HP-0032,dal-app-0032,HP,ProLiant DL360 Gen10,2026-06-21T06:31:00Z,Device
DEV-HP-0033,DEV-HP-0033,phx-wks-0033,HP,ProBook 450 G9,2026-06-21T06:32:00Z,Device
DEV-HP-0034,DEV-HP-0034,aus-eng-0034,HP,ZBook Firefly 14 G9,2026-06-21T06:33:00Z,Device
DEV-DELL-0035,DEV-DELL-0035,den-lab-0035,Dell,Latitude 5420,2026-06-21T06:34:00Z,Device
DEV-HP-0036,DEV-HP-0036,atl-lab-0036,HP,EliteBook 840 G8,2026-06-21T06:35:00Z,Device
DEV-DELL-0037,DEV-DELL-0037,bos-virt-0037,Dell,PowerEdge R650,2026-06-21T06:36:00Z,Device
DEV-HP-0038,DEV-HP-0038,bos-cad-0038,HP,EliteBook 840 G9,2026-06-21T06:37:00Z,Device
DEV-DELL-0039,DEV-DELL-0039,sea-wks-0039,Dell,OptiPlex 7010,2026-06-21T06:38:00Z,Device
DEV-HP-0040,DEV-HP-0040,rdu-lab-0040,HP,ZBook Firefly 14 G9,2026-06-21T06:39:00Z,Device
DEV-DELL-0041,DEV-DELL-0041,rdu-wks-0041,Dell,Latitude 5530,2026-06-21T06:40:00Z,Device
DEV-HP-0042,DEV-HP-0042,dal-db-0042,HP,ProLiant DL360 Gen10,2026-06-21T06:41:00Z,Device
DEV-DELL-0043,DEV-DELL-0043,bos-fin-0043,Dell,Latitude 5530,2026-06-21T06:42:00Z,Device
DEV-DELL-0044,DEV-DELL-0044,aus-cad-0044,Dell,Latitude 5420,2026-06-21T06:43:00Z,Device
DEV-HP-0045,DEV-HP-0045,nyc-eng-0045,HP,ZBook Firefly 14 G9,2026-06-21T06:44:00Z,Device
DEV-DELL-0046,DEV-DELL-0046,sfo-virt-0046,Dell,PowerEdge R650,2026-06-21T06:45:00Z,Device
DEV-DELL-0047,DEV-DELL-0047,nyc-lab-0047,Dell,Latitude 7440,2026-06-21T06:46:00Z,Device
DEV-DELL-0048,DEV-DELL-0048,chi-cad-0048,Dell,Precision 3561,2026-06-21T06:47:00Z,Device
DEV-DELL-0049,DEV-DELL-0049,den-ops-0049,Dell,Precision 3561,2026-06-21T06:48:00Z,Device
DEV-DELL-0050,DEV-DELL-0050,sfo-app-0050,Dell,PowerEdge R740,2026-06-21T06:49:00Z,Device
DEV-LENOVO-0051,DEV-LENOVO-0051,mia-virt-0051,Lenovo,ThinkSystem SR630 V2,2026-06-21T06:50:00Z,Device
DEV-DELL-0052,DEV-DELL-0052,phx-virt-0052,Dell,PowerEdge R740,2026-06-21T06:51:00Z,Device
DEV-LENOVO-0053,DEV-LENOVO-0053,rdu-fin-0053,Lenovo,ThinkPad T14 Gen 2,2026-06-21T06:52:00Z,Device
DEV-HP-0054,DEV-HP-0054,nyc-lab-0054,HP,ZBook Firefly 14 G9,2026-06-21T06:53:00Z,Device
DEV-DELL-0055,DEV-DELL-0055,sfo-eng-0055,Dell,OptiPlex 7010,2026-06-21T06:54:00Z,Device
DEV-LENOVO-0056,DEV-LENOVO-0056,nyc-eng-0056,Lenovo,ThinkPad T14 Gen 4,2026-06-21T06:55:00Z,Device
DEV-DELL-0057,DEV-DELL-0057,rdu-fin-0057,Dell,Precision 3561,2026-06-21T06:56:00Z,Device
DEV-DELL-0058,DEV-DELL-0058,dal-cad-0058,Dell,Precision 5680,2026-06-21T06:57:00Z,Device
DEV-DELL-0059,DEV-DELL-0059,bos-eng-0059,Dell,OptiPlex 7010,2026-06-21T06:58:00Z,Device
DEV-DELL-0060,DEV-DELL-0060,bos-lab-0060,Dell,Latitude 5530,2026-06-21T06:59:00Z,Device
DEV-LENOVO-0061,DEV-LENOVO-0061,dal-eng-0061,Lenovo,ThinkStation P360,2026-06-21T07:00:00Z,Device
DEV-DELL-0062,DEV-DELL-0062,den-lab-0062,Dell,Precision 5680,2026-06-21T07:01:00Z,Device
DEV-HP-0063,DEV-HP-0063,phx-ops-0063,HP,ZBook Firefly 14 G9,2026-06-21T07:02:00Z,Device
DEV-LENOVO-0064,DEV-LENOVO-0064,sfo-cad-0064,Lenovo,ThinkPad P16 Gen 1,2026-06-21T07:03:00Z,Device
DEV-DELL-0065,DEV-DELL-0065,aus-virt-0065,Dell,PowerEdge R650,2026-06-21T07:04:00Z,Device
DEV-DELL-0066,DEV-DELL-0066,dal-srv-0066,Dell,PowerEdge R750,2026-06-21T07:05:00Z,Device
DEV-HP-0067,DEV-HP-0067,dal-wks-0067,HP,EliteBook 860 G10,2026-06-21T07:06:00Z,Device
DEV-LENOVO-0068,DEV-LENOVO-0068,bos-srv-0068,Lenovo,ThinkSystem SR630 V2,2026-06-21T07:07:00Z,Device
DEV-DELL-0069,DEV-DELL-0069,sfo-wks-0069,Dell,Latitude 7440,2026-06-21T07:08:00Z,Device
DEV-LENOVO-0070,DEV-LENOVO-0070,atl-lab-0070,Lenovo,ThinkCentre M70q Gen 3,2026-06-21T07:09:00Z,Device
DEV-HP-0071,DEV-HP-0071,chi-eng-0071,HP,ProBook 450 G9,2026-06-21T07:10:00Z,Device
DEV-DELL-0072,DEV-DELL-0072,sea-app-0072,Dell,PowerEdge R740,2026-06-21T07:11:00Z,Device
DEV-LENOVO-0073,DEV-LENOVO-0073,sea-fin-0073,Lenovo,ThinkPad X1 Carbon Gen 10,2026-06-21T07:12:00Z,Device
DEV-DELL-0074,DEV-DELL-0074,dal-app-0074,Dell,PowerEdge R650,2026-06-21T07:13:00Z,Device
DEV-HP-0075,DEV-HP-0075,aus-app-0075,HP,ProLiant DL380 Gen10,2026-06-21T07:14:00Z,Device
DEV-DELL-0076,DEV-DELL-0076,dal-ops-0076,Dell,OptiPlex 7010,2026-06-21T07:15:00Z,Device
DEV-DELL-0077,DEV-DELL-0077,phx-cad-0077,Dell,Latitude 5420,2026-06-21T07:16:00Z,Device
DEV-DELL-0078,DEV-DELL-0078,aus-lab-0078,Dell,Latitude 5530,2026-06-21T07:17:00Z,Device
DEV-HP-0079,DEV-HP-0079,phx-fin-0079,HP,ProBook 450 G9,2026-06-21T07:18:00Z,Device
DEV-DELL-0080,DEV-DELL-0080,sfo-lab-0080,Dell,Precision 3561,2026-06-21T07:19:00Z,Device
DEV-HP-0081,DEV-HP-0081,rdu-cad-0081,HP,ProBook 450 G9,2026-06-21T07:20:00Z,Device
DEV-HP-0082,DEV-HP-0082,sea-srv-0082,HP,ProLiant DL380 Gen10,2026-06-21T07:21:00Z,Device
DEV-DELL-0083,DEV-DELL-0083,den-app-0083,Dell,PowerEdge R650,2026-06-21T07:22:00Z,Device
DEV-LENOVO-0084,DEV-LENOVO-0084,chi-eng-0084,Lenovo,ThinkCentre M90q Gen 3,2026-06-21T07:23:00Z,Device
DEV-HP-0085,DEV-HP-0085,chi-ops-0085,HP,EliteBook 840 G8,2026-06-21T07:24:00Z,Device
DEV-DELL-0086,DEV-DELL-0086,atl-lab-0086,Dell,Precision 3561,2026-06-21T07:25:00Z,Device
DEV-HP-0087,DEV-HP-0087,phx-lab-0087,HP,EliteBook 840 G9,2026-06-21T07:26:00Z,Device
DEV-DELL-0088,DEV-DELL-0088,sea-virt-0088,Dell,PowerEdge R750,2026-06-21T07:27:00Z,Device
DEV-LENOVO-0089,DEV-LENOVO-0089,chi-wks-0089,Lenovo,ThinkPad P16 Gen 1,2026-06-21T07:28:00Z,Device
DEV-LENOVO-0090,DEV-LENOVO-0090,mia-wks-0090,Lenovo,ThinkPad T14 Gen 2,2026-06-21T07:29:00Z,Device
DEV-DELL-0091,DEV-DELL-0091,rdu-fin-0091,Dell,OptiPlex 7010,2026-06-21T07:30:00Z,Device
DEV-DELL-0092,DEV-DELL-0092,nyc-srv-0092,Dell,PowerEdge R740,2026-06-21T07:31:00Z,Device
DEV-HP-0093,DEV-HP-0093,mia-fin-0093,HP,ZBook Firefly 14 G9,2026-06-21T07:32:00Z,Device
DEV-DELL-0094,DEV-DELL-0094,phx-lab-0094,Dell,Precision 3561,2026-06-21T07:33:00Z,Device
DEV-DELL-0095,DEV-DELL-0095,sea-lab-0095,Dell,OptiPlex 7010,2026-06-21T07:34:00Z,Device
DEV-LENOVO-0096,DEV-LENOVO-0096,dal-cad-0096,Lenovo,ThinkPad T14 Gen 4,2026-06-21T07:35:00Z,Device
DEV-DELL-0097,DEV-DELL-0097,dal-virt-0097,Dell,PowerEdge R650,2026-06-21T07:36:00Z,Device
DEV-HP-0098,DEV-HP-0098,sfo-app-0098,HP,ProLiant DL360 Gen10,2026-06-21T07:37:00Z,Device
DEV-DELL-0099,DEV-DELL-0099,mia-wks-0099,Dell,OptiPlex 7010,2026-06-21T07:38:00Z,Device
DEV-DELL-0100,DEV-DELL-0100,phx-virt-0100,Dell,PowerEdge R650,2026-06-21T07:39:00Z,Device
DEV-LENOVO-0101,DEV-LENOVO-0101,rdu-app-0101,Lenovo,ThinkSystem ST650 V2,2026-06-21T07:40:00Z,Device
DEV-HP-0102,DEV-HP-0102,rdu-lab-0102,HP,EliteDesk 800 G6,2026-06-21T07:41:00Z,Device
DEV-LENOVO-0103,DEV-LENOVO-0103,dal-fin-0103,Lenovo,ThinkPad T14 Gen 4,2026-06-21T07:42:00Z,Device
DEV-DELL-0104,DEV-DELL-0104,sfo-lab-0104,Dell,Latitude 5420,2026-06-21T07:43:00Z,Device
DEV-DELL-0105,DEV-DELL-0105,sfo-virt-0105,Dell,PowerEdge R740,2026-06-21T07:44:00Z,Device
DEV-DELL-0106,DEV-DELL-0106,den-wks-0106,Dell,OptiPlex 7090,2026-06-21T07:45:00Z,Device
DEV-HP-0107,DEV-HP-0107,nyc-eng-0107,HP,EliteDesk 800 G6,2026-06-21T07:46:00Z,Device
DEV-HP-0108,DEV-HP-0108,nyc-cad-0108,HP,ZBook Firefly 14 G9,2026-06-21T07:47:00Z,Device
DEV-HP-0109,DEV-HP-0109,den-lab-0109,HP,ZBook Firefly 14 G9,2026-06-21T07:48:00Z,Device
DEV-DELL-0110,DEV-DELL-0110,rdu-ops-0110,Dell,OptiPlex 7010,2026-06-21T07:49:00Z,Device
DEV-LENOVO-0111,DEV-LENOVO-0111,dal-ops-0111,Lenovo,ThinkPad X1 Carbon Gen 10,2026-06-21T07:50:00Z,Device
DEV-DELL-0112,DEV-DELL-0112,atl-srv-0112,Dell,PowerEdge R750,2026-06-21T07:51:00Z,Device
DEV-DELL-0113,DEV-DELL-0113,rdu-app-0113,Dell,PowerEdge R740,2026-06-21T07:52:00Z,Device
DEV-DELL-0114,DEV-DELL-0114,dal-app-0114,Dell,PowerEdge R650,2026-06-21T07:53:00Z,Device
DEV-LENOVO-0115,DEV-LENOVO-0115,den-srv-0115,Lenovo,ThinkSystem ST650 V2,2026-06-21T07:54:00Z,Device
DEV-LENOVO-0116,DEV-LENOVO-0116,rdu-ops-0116,Lenovo,ThinkPad P16 Gen 1,2026-06-21T07:55:00Z,Device
DEV-HP-0117,DEV-HP-0117,den-fin-0117,HP,EliteBook 840 G8,2026-06-21T07:56:00Z,Device
DEV-DELL-0118,DEV-DELL-0118,bos-virt-0118,Dell,PowerEdge R750,2026-06-21T07:57:00Z,Device
DEV-LENOVO-0119,DEV-LENOVO-0119,mia-eng-0119,Lenovo,ThinkStation P360,2026-06-21T07:58:00Z,Device
DEV-LENOVO-0120,DEV-LENOVO-0120,bos-app-0120,Lenovo,ThinkSystem SR650 V2,2026-06-21T07:59:00Z,Device
DEV-DELL-0121,DEV-DELL-0121,phx-ops-0121,Dell,OptiPlex 7090,2026-06-21T08:00:00Z,Device
DEV-DELL-0122,DEV-DELL-0122,mia-lab-0122,Dell,Latitude 5420,2026-06-21T08:01:00Z,Device
DEV-LENOVO-0123,DEV-LENOVO-0123,sea-db-0123,Lenovo,ThinkSystem SR630 V2,2026-06-21T08:02:00Z,Device
DEV-DELL-0124,DEV-DELL-0124,mia-cad-0124,Dell,Latitude 5530,2026-06-21T08:03:00Z,Device
DEV-DELL-0125,DEV-DELL-0125,atl-fin-0125,Dell,OptiPlex 7090,2026-06-21T08:04:00Z,Device
DEV-HP-0126,DEV-HP-0126,phx-cad-0126,HP,ProBook 450 G9,2026-06-21T08:05:00Z,Device
DEV-DELL-0127,DEV-DELL-0127,chi-cad-0127,Dell,Precision 5680,2026-06-21T08:06:00Z,Device
DEV-DELL-0128,DEV-DELL-0128,den-eng-0128,Dell,OptiPlex 7010,2026-06-21T08:07:00Z,Device
DEV-LENOVO-0129,DEV-LENOVO-0129,sea-db-0129,Lenovo,ThinkSystem SR630 V2,2026-06-21T08:08:00Z,Device
DEV-DELL-0130,DEV-DELL-0130,sfo-fin-0130,Dell,Precision 5680,2026-06-21T08:09:00Z,Device
DEV-HP-0131,DEV-HP-0131,sfo-fin-0131,HP,EliteBook 840 G8,2026-06-21T08:10:00Z,Device
DEV-DELL-0132,DEV-DELL-0132,sea-db-0132,Dell,PowerEdge R740,2026-06-21T08:11:00Z,Device
DEV-HP-0133,DEV-HP-0133,mia-lab-0133,HP,EliteBook 840 G9,2026-06-21T08:12:00Z,Device
DEV-DELL-0134,DEV-DELL-0134,mia-eng-0134,Dell,OptiPlex 7010,2026-06-21T08:13:00Z,Device
DEV-DELL-0135,DEV-DELL-0135,den-fin-0135,Dell,Precision 3561,2026-06-21T08:14:00Z,Device
DEV-LENOVO-0136,DEV-LENOVO-0136,phx-lab-0136,Lenovo,ThinkPad T14 Gen 4,2026-06-21T08:15:00Z,Device
DEV-DELL-0137,DEV-DELL-0137,bos-cad-0137,Dell,OptiPlex 7090,2026-06-21T08:16:00Z,Device
DEV-HP-0138,DEV-HP-0138,atl-lab-0138,HP,EliteBook 840 G9,2026-06-21T08:17:00Z,Device
DEV-HP-0139,DEV-HP-0139,bos-cad-0139,HP,EliteBook 860 G10,2026-06-21T08:18:00Z,Device
DEV-DELL-0140,DEV-DELL-0140,dal-wks-0140,Dell,Precision 5680,2026-06-21T08:19:00Z,Device
DEV-HP-0141,DEV-HP-0141,atl-app-0141,HP,ProLiant ML350 Gen10,2026-06-21T08:20:00Z,Device
DEV-DELL-0142,DEV-DELL-0142,phx-srv-0142,Dell,PowerEdge R650,2026-06-21T08:21:00Z,Device
DEV-DELL-0143,DEV-DELL-0143,mia-wks-0143,Dell,Latitude 7440,2026-06-21T08:22:00Z,Device
DEV-DELL-0144,DEV-DELL-0144,bos-eng-0144,Dell,Precision 3561,2026-06-21T08:23:00Z,Device
DEV-HP-0145,DEV-HP-0145,aus-fin-0145,HP,Z2 Tower G9,2026-06-21T08:24:00Z,Device
DEV-DELL-0146,DEV-DELL-0146,aus-ops-0146,Dell,Precision 5680,2026-06-21T08:25:00Z,Device
DEV-DELL-0147,DEV-DELL-0147,atl-cad-0147,Dell,Precision 3561,2026-06-21T08:26:00Z,Device
DEV-DELL-0148,DEV-DELL-0148,atl-eng-0148,Dell,Latitude 7440,2026-06-21T08:27:00Z,Device
DEV-DELL-0149,DEV-DELL-0149,dal-srv-0149,Dell,PowerEdge R650,2026-06-21T08:28:00Z,Device
DEV-HP-0150,DEV-HP-0150,aus-cad-0150,HP,EliteDesk 800 G6,2026-06-21T08:29:00Z,Device
DEV-DELL-0151,DEV-DELL-0151,mia-cad-0151,Dell,Latitude 7440,2026-06-21T08:30:00Z,Device
DEV-LENOVO-0152,DEV-LENOVO-0152,bos-wks-0152,Lenovo,ThinkStation P360,2026-06-21T08:31:00Z,Device
DEV-DELL-0153,DEV-DELL-0153,aus-db-0153,Dell,PowerEdge R740,2026-06-21T08:32:00Z,Device
DEV-HP-0154,DEV-HP-0154,dal-db-0154,HP,ProLiant ML350 Gen10,2026-06-21T08:33:00Z,Device
DEV-HP-0155,DEV-HP-0155,chi-virt-0155,HP,ProLiant DL360 Gen10,2026-06-21T08:34:00Z,Device
DEV-LENOVO-0156,DEV-LENOVO-0156,atl-fin-0156,Lenovo,ThinkPad T14 Gen 4,2026-06-21T08:35:00Z,Device
DEV-DELL-0157,DEV-DELL-0157,nyc-srv-0157,Dell,PowerEdge R750,2026-06-21T08:36:00Z,Device
DEV-LENOVO-0158,DEV-LENOVO-0158,mia-wks-0158,Lenovo,ThinkCentre M90q Gen 3,2026-06-21T08:37:00Z,Device
DEV-DELL-0159,DEV-DELL-0159,den-ops-0159,Dell,Precision 3561,2026-06-21T08:38:00Z,Device
DEV-HP-0160,DEV-HP-0160,bos-ops-0160,HP,EliteDesk 800 G6,2026-06-21T08:39:00Z,Device
DEV-HP-0161,DEV-HP-0161,sfo-srv-0161,HP,ProLiant ML350 Gen10,2026-06-21T08:40:00Z,Device
DEV-DELL-0162,DEV-DELL-0162,rdu-lab-0162,Dell,Latitude 5530,2026-06-21T08:41:00Z,Device
DEV-HP-0163,DEV-HP-0163,sea-wks-0163,HP,EliteBook 840 G9,2026-06-21T08:42:00Z,Device
DEV-LENOVO-0164,DEV-LENOVO-0164,nyc-fin-0164,Lenovo,ThinkCentre M70q Gen 3,2026-06-21T08:43:00Z,Device
DEV-LENOVO-0165,DEV-LENOVO-0165,sea-lab-0165,Lenovo,ThinkPad T14 Gen 2,2026-06-21T08:44:00Z,Device
DEV-DELL-0166,DEV-DELL-0166,phx-wks-0166,Dell,Precision 3561,2026-06-21T08:45:00Z,Device
DEV-DELL-0167,DEV-DELL-0167,aus-lab-0167,Dell,Precision 3561,2026-06-21T08:46:00Z,Device
DEV-DELL-0168,DEV-DELL-0168,phx-ops-0168,Dell,Latitude 5530,2026-06-21T08:47:00Z,Device
DEV-LENOVO-0169,DEV-LENOVO-0169,mia-cad-0169,Lenovo,ThinkCentre M70q Gen 3,2026-06-21T08:48:00Z,Device
DEV-LENOVO-0170,DEV-LENOVO-0170,sfo-ops-0170,Lenovo,ThinkCentre M70q Gen 3,2026-06-21T08:49:00Z,Device
DEV-HP-0171,DEV-HP-0171,atl-ops-0171,HP,ZBook Firefly 14 G9,2026-06-21T08:50:00Z,Device
DEV-DELL-0172,DEV-DELL-0172,dal-ops-0172,Dell,Latitude 5420,2026-06-21T08:51:00Z,Device
DEV-LENOVO-0173,DEV-LENOVO-0173,rdu-cad-0173,Lenovo,ThinkCentre M70q Gen 3,2026-06-21T08:52:00Z,Device
DEV-LENOVO-0174,DEV-LENOVO-0174,sfo-ops-0174,Lenovo,ThinkStation P360,2026-06-21T08:53:00Z,Device
DEV-DELL-0175,DEV-DELL-0175,bos-ops-0175,Dell,Latitude 5420,2026-06-21T08:54:00Z,Device
DEV-LENOVO-0176,DEV-LENOVO-0176,dal-eng-0176,Lenovo,ThinkPad T14 Gen 2,2026-06-21T08:55:00Z,Device
DEV-HP-0177,DEV-HP-0177,rdu-virt-0177,HP,ProLiant ML350 Gen10,2026-06-21T08:56:00Z,Device
DEV-HP-0178,DEV-HP-0178,bos-wks-0178,HP,Z2 Tower G9,2026-06-21T08:57:00Z,Device
DEV-HP-0179,DEV-HP-0179,atl-virt-0179,HP,ProLiant DL360 Gen10,2026-06-21T08:58:00Z,Device
DEV-DELL-0180,DEV-DELL-0180,sea-app-0180,Dell,PowerEdge R740,2026-06-21T08:59:00Z,Device
DEV-LENOVO-0181,DEV-LENOVO-0181,phx-db-0181,Lenovo,ThinkSystem SR650 V2,2026-06-21T09:00:00Z,Device
DEV-DELL-0182,DEV-DELL-0182,atl-fin-0182,Dell,OptiPlex 7090,2026-06-21T09:01:00Z,Device
DEV-LENOVO-0183,DEV-LENOVO-0183,chi-fin-0183,Lenovo,ThinkPad X1 Carbon Gen 10,2026-06-21T09:02:00Z,Device
DEV-HP-0184,DEV-HP-0184,dal-fin-0184,HP,Z2 Tower G9,2026-06-21T09:03:00Z,Device
DEV-DELL-0185,DEV-DELL-0185,rdu-ops-0185,Dell,Latitude 5530,2026-06-21T09:04:00Z,Device
DEV-HP-0186,DEV-HP-0186,phx-srv-0186,HP,ProLiant DL380 Gen10,2026-06-21T09:05:00Z,Device
DEV-HP-0187,DEV-HP-0187,den-fin-0187,HP,Z2 Tower G9,2026-06-21T09:06:00Z,Device
DEV-DELL-0188,DEV-DELL-0188,aus-eng-0188,Dell,Precision 5680,2026-06-21T09:07:00Z,Device
DEV-DELL-0189,DEV-DELL-0189,rdu-db-0189,Dell,PowerEdge R740,2026-06-21T09:08:00Z,Device
DEV-DELL-0190,DEV-DELL-0190,sfo-lab-0190,Dell,Latitude 5420,2026-06-21T09:09:00Z,Device
DEV-DELL-0191,DEV-DELL-0191,aus-cad-0191,Dell,Latitude 5420,2026-06-21T09:10:00Z,Device
DEV-LENOVO-0192,DEV-LENOVO-0192,chi-cad-0192,Lenovo,ThinkCentre M70q Gen 3,2026-06-21T09:11:00Z,Device
DEV-DELL-0193,DEV-DELL-0193,chi-srv-0193,Dell,PowerEdge R750,2026-06-21T09:12:00Z,Device
DEV-DELL-0194,DEV-DELL-0194,rdu-db-0194,Dell,PowerEdge R650,2026-06-21T09:13:00Z,Device
DEV-DELL-0195,DEV-DELL-0195,den-fin-0195,Dell,Latitude 5420,2026-06-21T09:14:00Z,Device
DEV-HP-0196,DEV-HP-0196,dal-eng-0196,HP,ProBook 450 G9,2026-06-21T09:15:00Z,Device
DEV-DELL-0197,DEV-DELL-0197,nyc-lab-0197,Dell,OptiPlex 7010,2026-06-21T09:16:00Z,Device
DEV-HP-0198,DEV-HP-0198,sea-eng-0198,HP,ProBook 450 G9,2026-06-21T09:17:00Z,Device
DEV-LENOVO-0199,DEV-LENOVO-0199,chi-fin-0199,Lenovo,ThinkCentre M90q Gen 3,2026-06-21T09:18:00Z,Device
DEV-DELL-0200,DEV-DELL-0200,dal-wks-0200,Dell,Latitude 5530,2026-06-21T09:19:00Z,Device
DEV-DELL-0201,DEV-DELL-0201,sfo-virt-0201,Dell,PowerEdge R650,2026-06-21T09:20:00Z,Device
DEV-HP-0202,DEV-HP-0202,rdu-wks-0202,HP,ProBook 450 G9,2026-06-21T09:21:00Z,Device
DEV-LENOVO-0203,DEV-LENOVO-0203,den-db-0203,Lenovo,ThinkSystem SR630 V2,2026-06-21T09:22:00Z,Device
DEV-LENOVO-0204,DEV-LENOVO-0204,atl-fin-0204,Lenovo,ThinkPad P16 Gen 1,2026-06-21T09:23:00Z,Device
DEV-DELL-0205,DEV-DELL-0205,nyc-ops-0205,Dell,Latitude 5530,2026-06-21T09:24:00Z,Device
DEV-DELL-0206,DEV-DELL-0206,phx-cad-0206,Dell,OptiPlex 7090,2026-06-21T09:25:00Z,Device
DEV-DELL-0207,DEV-DELL-0207,chi-db-0207,Dell,PowerEdge R750,2026-06-21T09:26:00Z,Device
DEV-LENOVO-0208,DEV-LENOVO-0208,chi-wks-0208,Lenovo,ThinkPad X1 Carbon Gen 10,2026-06-21T09:27:00Z,Device
DEV-DELL-0209,DEV-DELL-0209,aus-lab-0209,Dell,OptiPlex 7090,2026-06-21T09:28:00Z,Device
DEV-DELL-0210,DEV-DELL-0210,phx-app-0210,Dell,PowerEdge R740,2026-06-21T09:29:00Z,Device
DEV-DELL-0211,DEV-DELL-0211,sfo-ops-0211,Dell,Precision 5680,2026-06-21T09:30:00Z,Device
DEV-LENOVO-0212,DEV-LENOVO-0212,aus-app-0212,Lenovo,ThinkSystem ST650 V2,2026-06-21T09:31:00Z,Device
DEV-LENOVO-0213,DEV-LENOVO-0213,mia-eng-0213,Lenovo,ThinkStation P360,2026-06-21T09:32:00Z,Device
DEV-DELL-0214,DEV-DELL-0214,phx-srv-0214,Dell,PowerEdge R750,2026-06-21T09:33:00Z,Device
DEV-DELL-0215,DEV-DELL-0215,nyc-virt-0215,Dell,PowerEdge R750,2026-06-21T09:34:00Z,Device
DEV-HP-0216,DEV-HP-0216,sfo-app-0216,HP,ProLiant DL360 Gen10,2026-06-21T09:35:00Z,Device
DEV-HP-0217,DEV-HP-0217,atl-wks-0217,HP,EliteBook 840 G8,2026-06-21T09:36:00Z,Device
DEV-DELL-0218,DEV-DELL-0218,sea-cad-0218,Dell,Latitude 5530,2026-06-21T09:37:00Z,Device
DEV-DELL-0219,DEV-DELL-0219,phx-lab-0219,Dell,Latitude 5420,2026-06-21T09:38:00Z,Device
DEV-LENOVO-0220,DEV-LENOVO-0220,den-virt-0220,Lenovo,ThinkSystem SR630 V2,2026-06-21T09:39:00Z,Device
DEV-HP-0221,DEV-HP-0221,nyc-eng-0221,HP,EliteBook 840 G8,2026-06-21T09:40:00Z,Device
DEV-HP-0222,DEV-HP-0222,sfo-lab-0222,HP,EliteBook 860 G10,2026-06-21T09:41:00Z,Device
DEV-DELL-0223,DEV-DELL-0223,aus-srv-0223,Dell,PowerEdge R650,2026-06-21T09:42:00Z,Device
DEV-DELL-0224,DEV-DELL-0224,atl-fin-0224,Dell,Precision 5680,2026-06-21T09:43:00Z,Device
DEV-LENOVO-0225,DEV-LENOVO-0225,nyc-cad-0225,Lenovo,ThinkStation P360,2026-06-21T09:44:00Z,Device
DEV-HP-0226,DEV-HP-0226,chi-lab-0226,HP,EliteBook 840 G8,2026-06-21T09:45:00Z,Device
DEV-HP-0227,DEV-HP-0227,atl-eng-0227,HP,ProBook 450 G9,2026-06-21T09:46:00Z,Device
DEV-DELL-0228,DEV-DELL-0228,rdu-wks-0228,Dell,Latitude 7440,2026-06-21T09:47:00Z,Device
DEV-HP-0229,DEV-HP-0229,nyc-eng-0229,HP,Z2 Tower G9,2026-06-21T09:48:00Z,Device
DEV-DELL-0230,DEV-DELL-0230,mia-fin-0230,Dell,Precision 5680,2026-06-21T09:49:00Z,Device
DEV-HP-0231,DEV-HP-0231,nyc-fin-0231,HP,Z2 Tower G9,2026-06-21T09:50:00Z,Device
DEV-DELL-0232,DEV-DELL-0232,bos-ops-0232,Dell,Latitude 7440,2026-06-21T09:51:00Z,Device
DEV-LENOVO-0233,DEV-LENOVO-0233,dal-cad-0233,Lenovo,ThinkCentre M70q Gen 3,2026-06-21T09:52:00Z,Device
DEV-DELL-0234,DEV-DELL-0234,phx-ops-0234,Dell,Latitude 7440,2026-06-21T09:53:00Z,Device
DEV-HP-0235,DEV-HP-0235,chi-cad-0235,HP,ProBook 450 G9,2026-06-21T09:54:00Z,Device
DEV-DELL-0236,DEV-DELL-0236,nyc-fin-0236,Dell,Latitude 5530,2026-06-21T09:55:00Z,Device
DEV-HP-0237,DEV-HP-0237,bos-virt-0237,HP,ProLiant ML350 Gen10,2026-06-21T09:56:00Z,Device
DEV-DELL-0238,DEV-DELL-0238,mia-eng-0238,Dell,Precision 3561,2026-06-21T09:57:00Z,Device
DEV-DELL-0239,DEV-DELL-0239,mia-fin-0239,Dell,Latitude 5420,2026-06-21T09:58:00Z,Device
DEV-HP-0240,DEV-HP-0240,atl-cad-0240,HP,EliteBook 860 G10,2026-06-21T09:59:00Z,Device
DEV-LENOVO-0241,DEV-LENOVO-0241,dal-wks-0241,Lenovo,ThinkStation P360,2026-06-21T10:00:00Z,Device
DEV-DELL-0242,DEV-DELL-0242,atl-lab-0242,Dell,Latitude 7440,2026-06-21T10:01:00Z,Device
DEV-HP-0243,DEV-HP-0243,phx-srv-0243,HP,ProLiant ML350 Gen10,2026-06-21T10:02:00Z,Device
DEV-LENOVO-0244,DEV-LENOVO-0244,bos-srv-0244,Lenovo,ThinkSystem SR630 V2,2026-06-21T10:03:00Z,Device
DEV-DELL-0245,DEV-DELL-0245,bos-app-0245,Dell,PowerEdge R740,2026-06-21T10:04:00Z,Device
DEV-DELL-0246,DEV-DELL-0246,sfo-fin-0246,Dell,Precision 5680,2026-06-21T10:05:00Z,Device
DEV-LENOVO-0247,DEV-LENOVO-0247,chi-wks-0247,Lenovo,ThinkPad T14 Gen 2,2026-06-21T10:06:00Z,Device
DEV-HP-0248,DEV-HP-0248,rdu-wks-0248,HP,Z2 Tower G9,2026-06-21T10:07:00Z,Device
DEV-DELL-0249,DEV-DELL-0249,dal-ops-0249,Dell,Latitude 7440,2026-06-21T10:08:00Z,Device
DEV-DELL-0250,DEV-DELL-0250,sea-fin-0250,Dell,OptiPlex 7010,2026-06-21T10:09:00Z,Device
DEV-DELL-0251,DEV-DELL-0251,sfo-srv-0251,Dell,PowerEdge R750,2026-06-21T10:10:00Z,Device
DEV-DELL-0252,DEV-DELL-0252,aus-srv-0252,Dell,PowerEdge R750,2026-06-21T10:11:00Z,Device
DEV-LENOVO-0253,DEV-LENOVO-0253,aus-wks-0253,Lenovo,ThinkCentre M70q Gen 3,2026-06-21T10:12:00Z,Device
DEV-DELL-0254,DEV-DELL-0254,phx-wks-0254,Dell,Latitude 7440,2026-06-21T10:13:00Z,Device
DEV-DELL-0255,DEV-DELL-0255,sfo-app-0255,Dell,PowerEdge R750,2026-06-21T10:14:00Z,Device
DEV-LENOVO-0256,DEV-LENOVO-0256,chi-fin-0256,Lenovo,ThinkPad T14 Gen 2,2026-06-21T10:15:00Z,Device
DEV-DELL-0257,DEV-DELL-0257,chi-app-0257,Dell,PowerEdge R740,2026-06-21T10:16:00Z,Device
DEV-LENOVO-0258,DEV-LENOVO-0258,chi-virt-0258,Lenovo,ThinkSystem SR650 V2,2026-06-21T10:17:00Z,Device
DEV-DELL-0259,DEV-DELL-0259,rdu-wks-0259,Dell,OptiPlex 7090,2026-06-21T10:18:00Z,Device
DEV-HP-0260,DEV-HP-0260,chi-cad-0260,HP,ZBook Firefly 14 G9,2026-06-21T10:19:00Z,Device
DEV-HP-0261,DEV-HP-0261,mia-app-0261,HP,ProLiant ML350 Gen10,2026-06-21T10:20:00Z,Device
DEV-DELL-0262,DEV-DELL-0262,den-fin-0262,Dell,Latitude 5530,2026-06-21T10:21:00Z,Device
DEV-DELL-0263,DEV-DELL-0263,mia-db-0263,Dell,PowerEdge R750,2026-06-21T10:22:00Z,Device
DEV-HP-0264,DEV-HP-0264,sfo-wks-0264,HP,ProBook 450 G9,2026-06-21T10:23:00Z,Device
DEV-LENOVO-0265,DEV-LENOVO-0265,bos-app-0265,Lenovo,ThinkSystem SR630 V2,2026-06-21T10:24:00Z,Device
DEV-HP-0266,DEV-HP-0266,sfo-cad-0266,HP,EliteDesk 800 G6,2026-06-21T10:25:00Z,Device
DEV-DELL-0267,DEV-DELL-0267,den-ops-0267,Dell,Latitude 5420,2026-06-21T10:26:00Z,Device
DEV-HP-0268,DEV-HP-0268,aus-srv-0268,HP,ProLiant ML350 Gen10,2026-06-21T10:27:00Z,Device
DEV-LENOVO-0269,DEV-LENOVO-0269,sfo-fin-0269,Lenovo,ThinkStation P360,2026-06-21T10:28:00Z,Device
DEV-DELL-0270,DEV-DELL-0270,sfo-eng-0270,Dell,Latitude 5530,2026-06-21T10:29:00Z,Device
DEV-DELL-0271,DEV-DELL-0271,phx-srv-0271,Dell,PowerEdge R740,2026-06-21T10:30:00Z,Device
DEV-DELL-0272,DEV-DELL-0272,rdu-cad-0272,Dell,OptiPlex 7090,2026-06-21T10:31:00Z,Device
DEV-LENOVO-0273,DEV-LENOVO-0273,phx-lab-0273,Lenovo,ThinkCentre M70q Gen 3,2026-06-21T10:32:00Z,Device
DEV-LENOVO-0274,DEV-LENOVO-0274,dal-srv-0274,Lenovo,ThinkSystem SR650 V2,2026-06-21T10:33:00Z,Device
DEV-HP-0275,DEV-HP-0275,atl-lab-0275,HP,EliteBook 840 G8,2026-06-21T10:34:00Z,Device
DEV-DELL-0276,DEV-DELL-0276,aus-fin-0276,Dell,Latitude 5530,2026-06-21T10:35:00Z,Device
DEV-HP-0277,DEV-HP-0277,chi-app-0277,HP,ProLiant ML350 Gen10,2026-06-21T10:36:00Z,Device
DEV-DELL-0278,DEV-DELL-0278,atl-cad-0278,Dell,Precision 3561,2026-06-21T10:37:00Z,Device
DEV-LENOVO-0279,DEV-LENOVO-0279,aus-lab-0279,Lenovo,ThinkCentre M90q Gen 3,2026-06-21T10:38:00Z,Device
DEV-HP-0280,DEV-HP-0280,chi-cad-0280,HP,Z2 Tower G9,2026-06-21T10:39:00Z,Device
DEV-DELL-0281,DEV-DELL-0281,chi-eng-0281,Dell,OptiPlex 7090,2026-06-21T10:40:00Z,Device
DEV-LENOVO-0282,DEV-LENOVO-0282,dal-wks-0282,Lenovo,ThinkPad T14 Gen 2,2026-06-21T10:41:00Z,Device
DEV-LENOVO-0283,DEV-LENOVO-0283,den-virt-0283,Lenovo,ThinkSystem SR650 V2,2026-06-21T10:42:00Z,Device
DEV-LENOVO-0284,DEV-LENOVO-0284,bos-fin-0284,Lenovo,ThinkCentre M90q Gen 3,2026-06-21T10:43:00Z,Device
DEV-LENOVO-0285,DEV-LENOVO-0285,sfo-app-0285,Lenovo,ThinkSystem SR650 V2,2026-06-21T10:44:00Z,Device
DEV-DELL-0286,DEV-DELL-0286,chi-wks-0286,Dell,OptiPlex 7010,2026-06-21T10:45:00Z,Device
DEV-DELL-0287,DEV-DELL-0287,phx-ops-0287,Dell,Precision 5680,2026-06-21T10:46:00Z,Device
DEV-DELL-0288,DEV-DELL-0288,rdu-ops-0288,Dell,Latitude 5420,2026-06-21T10:47:00Z,Device
DEV-DELL-0289,DEV-DELL-0289,nyc-fin-0289,Dell,OptiPlex 7090,2026-06-21T10:48:00Z,Device
DEV-LENOVO-0290,DEV-LENOVO-0290,nyc-fin-0290,Lenovo,ThinkStation P360,2026-06-21T10:49:00Z,Device
DEV-LENOVO-0291,DEV-LENOVO-0291,phx-ops-0291,Lenovo,ThinkPad P16 Gen 1,2026-06-21T10:50:00Z,Device
DEV-LENOVO-0292,DEV-LENOVO-0292,den-cad-0292,Lenovo,ThinkPad T14 Gen 4,2026-06-21T10:51:00Z,Device
DEV-HP-0293,DEV-HP-0293,sea-eng-0293,HP,ZBook Firefly 14 G9,2026-06-21T10:52:00Z,Device
DEV-DELL-0294,DEV-DELL-0294,bos-lab-0294,Dell,Latitude 7440,2026-06-21T10:53:00Z,Device
DEV-HP-0295,DEV-HP-0295,phx-lab-0295,HP,EliteBook 860 G10,2026-06-21T10:54:00Z,Device
DEV-HP-0296,DEV-HP-0296,rdu-cad-0296,HP,Z2 Tower G9,2026-06-21T10:55:00Z,Device
DEV-DELL-0297,DEV-DELL-0297,dal-fin-0297,Dell,Latitude 7440,2026-06-21T10:56:00Z,Device
DEV-LENOVO-0298,DEV-LENOVO-0298,bos-wks-0298,Lenovo,ThinkPad P16 Gen 1,2026-06-21T10:57:00Z,Device
DEV-LENOVO-0299,DEV-LENOVO-0299,bos-eng-0299,Lenovo,ThinkPad T14 Gen 4,2026-06-21T10:58:00Z,Device
DEV-HP-0300,DEV-HP-0300,den-db-0300,HP,ProLiant DL380 Gen10,2026-06-21T10:59:00Z,Device
DEV-DELL-0301,DEV-DELL-0301,nyc-eng-0301,Dell,Latitude 7440,2026-06-21T11:00:00Z,Device
DEV-HP-0302,DEV-HP-0302,sfo-ops-0302,HP,EliteBook 860 G10,2026-06-21T11:01:00Z,Device
DEV-DELL-0303,DEV-DELL-0303,dal-fin-0303,Dell,Latitude 5530,2026-06-21T11:02:00Z,Device
DEV-HP-0304,DEV-HP-0304,rdu-virt-0304,HP,ProLiant DL360 Gen10,2026-06-21T11:03:00Z,Device
DEV-HP-0305,DEV-HP-0305,rdu-lab-0305,HP,ProBook 450 G9,2026-06-21T11:04:00Z,Device
DEV-LENOVO-0306,DEV-LENOVO-0306,mia-fin-0306,Lenovo,ThinkCentre M70q Gen 3,2026-06-21T11:05:00Z,Device
DEV-LENOVO-0307,DEV-LENOVO-0307,sfo-wks-0307,Lenovo,ThinkPad T14 Gen 2,2026-06-21T11:06:00Z,Device
DEV-LENOVO-0308,DEV-LENOVO-0308,aus-wks-0308,Lenovo,ThinkPad T14 Gen 4,2026-06-21T11:07:00Z,Device
DEV-HP-0309,DEV-HP-0309,nyc-virt-0309,HP,ProLiant ML350 Gen10,2026-06-21T11:08:00Z,Device
DEV-HP-0310,DEV-HP-0310,sea-eng-0310,HP,ZBook Firefly 14 G9,2026-06-21T11:09:00Z,Device
DEV-DELL-0311,DEV-DELL-0311,sfo-wks-0311,Dell,Latitude 7440,2026-06-21T11:10:00Z,Device
DEV-HP-0312,DEV-HP-0312,sea-wks-0312,HP,ZBook Firefly 14 G9,2026-06-21T11:11:00Z,Device
DEV-HP-0313,DEV-HP-0313,nyc-wks-0313,HP,EliteBook 840 G8,2026-06-21T11:12:00Z,Device
DEV-DELL-0314,DEV-DELL-0314,bos-eng-0314,Dell,Latitude 5530,2026-06-21T11:13:00Z,Device
DEV-HP-0315,DEV-HP-0315,sea-ops-0315,HP,ZBook Firefly 14 G9,2026-06-21T11:14:00Z,Device
DEV-DELL-0316,DEV-DELL-0316,sea-fin-0316,Dell,OptiPlex 7090,2026-06-21T11:15:00Z,Device
DEV-LENOVO-0317,DEV-LENOVO-0317,phx-wks-0317,Lenovo,ThinkPad T14 Gen 2,2026-06-21T11:16:00Z,Device
DEV-HP-0318,DEV-HP-0318,sfo-ops-0318,HP,EliteBook 860 G10,2026-06-21T11:17:00Z,Device
DEV-LENOVO-0319,DEV-LENOVO-0319,rdu-app-0319,Lenovo,ThinkSystem SR630 V2,2026-06-21T11:18:00Z,Device
DEV-DELL-0320,DEV-DELL-0320,phx-eng-0320,Dell,Precision 5680,2026-06-21T11:19:00Z,Device
DEV-LENOVO-0321,DEV-LENOVO-0321,den-lab-0321,Lenovo,ThinkCentre M90q Gen 3,2026-06-21T11:20:00Z,Device
DEV-LENOVO-0322,DEV-LENOVO-0322,sea-lab-0322,Lenovo,ThinkPad T14 Gen 4,2026-06-21T11:21:00Z,Device
DEV-HP-0323,DEV-HP-0323,chi-lab-0323,HP,ZBook Firefly 14 G9,2026-06-21T11:22:00Z,Device
DEV-DELL-0324,DEV-DELL-0324,dal-wks-0324,Dell,Latitude 5420,2026-06-21T11:23:00Z,Device
DEV-LENOVO-0325,DEV-LENOVO-0325,bos-virt-0325,Lenovo,ThinkSystem SR650 V2,2026-06-21T11:24:00Z,Device
DEV-DELL-0326,DEV-DELL-0326,rdu-db-0326,Dell,PowerEdge R650,2026-06-21T11:25:00Z,Device
DEV-HP-0327,DEV-HP-0327,dal-db-0327,HP,ProLiant ML350 Gen10,2026-06-21T11:26:00Z,Device
DEV-HP-0328,DEV-HP-0328,phx-virt-0328,HP,ProLiant ML350 Gen10,2026-06-21T11:27:00Z,Device
DEV-DELL-0329,DEV-DELL-0329,mia-cad-0329,Dell,Latitude 5530,2026-06-21T11:28:00Z,Device
DEV-HP-0330,DEV-HP-0330,nyc-lab-0330,HP,ZBook Firefly 14 G9,2026-06-21T11:29:00Z,Device
DEV-HP-0331,DEV-HP-0331,atl-fin-0331,HP,EliteBook 860 G10,2026-06-21T11:30:00Z,Device
DEV-HP-0332,DEV-HP-0332,aus-wks-0332,HP,ProBook 450 G9,2026-06-21T11:31:00Z,Device
DEV-HP-0333,DEV-HP-0333,bos-db-0333,HP,ProLiant ML350 Gen10,2026-06-21T11:32:00Z,Device
DEV-HP-0334,DEV-HP-0334,sea-ops-0334,HP,EliteBook 840 G8,2026-06-21T11:33:00Z,Device
DEV-LENOVO-0335,DEV-LENOVO-0335,sea-ops-0335,Lenovo,ThinkPad T14 Gen 4,2026-06-21T11:34:00Z,Device
DEV-LENOVO-0336,DEV-LENOVO-0336,dal-eng-0336,Lenovo,ThinkCentre M90q Gen 3,2026-06-21T11:35:00Z,Device
DEV-DELL-0337,DEV-DELL-0337,phx-cad-0337,Dell,Latitude 5530,2026-06-21T11:36:00Z,Device
DEV-HP-0338,DEV-HP-0338,atl-db-0338,HP,ProLiant DL380 Gen10,2026-06-21T11:37:00Z,Device
DEV-HP-0339,DEV-HP-0339,rdu-fin-0339,HP,ProBook 450 G9,2026-06-21T11:38:00Z,Device
DEV-HP-0340,DEV-HP-0340,sfo-eng-0340,HP,ProBook 450 G9,2026-06-21T11:39:00Z,Device
DEV-LENOVO-0341,DEV-LENOVO-0341,sea-fin-0341,Lenovo,ThinkPad T14 Gen 4,2026-06-21T11:40:00Z,Device
DEV-DELL-0342,DEV-DELL-0342,den-eng-0342,Dell,Latitude 5420,2026-06-21T11:41:00Z,Device
DEV-DELL-0343,DEV-DELL-0343,sea-wks-0343,Dell,OptiPlex 7090,2026-06-21T11:42:00Z,Device
DEV-DELL-0344,DEV-DELL-0344,nyc-wks-0344,Dell,Precision 3561,2026-06-21T11:43:00Z,Device
DEV-HP-0345,DEV-HP-0345,chi-eng-0345,HP,ProBook 450 G9,2026-06-21T11:44:00Z,Device
DEV-DELL-0346,DEV-DELL-0346,sea-wks-0346,Dell,OptiPlex 7010,2026-06-21T11:45:00Z,Device
DEV-HP-0347,DEV-HP-0347,nyc-lab-0347,HP,ProBook 450 G9,2026-06-21T11:46:00Z,Device
DEV-HP-0348,DEV-HP-0348,nyc-lab-0348,HP,EliteBook 860 G10,2026-06-21T11:47:00Z,Device
DEV-DELL-0349,DEV-DELL-0349,sea-wks-0349,Dell,Precision 5680,2026-06-21T11:48:00Z,Device
DEV-DELL-0350,DEV-DELL-0350,sea-fin-0350,Dell,OptiPlex 7010,2026-06-21T11:49:00Z,Device
DEV-LENOVO-0351,DEV-LENOVO-0351,sfo-fin-0351,Lenovo,ThinkPad X1 Carbon Gen 10,2026-06-21T11:50:00Z,Device
DEV-DELL-0352,DEV-DELL-0352,aus-cad-0352,Dell,Latitude 7440,2026-06-21T11:51:00Z,Device
DEV-DELL-0353,DEV-DELL-0353,chi-lab-0353,Dell,Latitude 5530,2026-06-21T11:52:00Z,Device
DEV-LENOVO-0354,DEV-LENOVO-0354,den-virt-0354,Lenovo,ThinkSystem SR630 V2,2026-06-21T11:53:00Z,Device
DEV-LENOVO-0355,DEV-LENOVO-0355,sfo-db-0355,Lenovo,ThinkSystem SR630 V2,2026-06-21T11:54:00Z,Device
DEV-DELL-0356,DEV-DELL-0356,atl-wks-0356,Dell,OptiPlex 7090,2026-06-21T11:55:00Z,Device
DEV-LENOVO-0357,DEV-LENOVO-0357,den-app-0357,Lenovo,ThinkSystem ST650 V2,2026-06-21T11:56:00Z,Device
DEV-LENOVO-0358,DEV-LENOVO-0358,sfo-wks-0358,Lenovo,ThinkPad T14 Gen 4,2026-06-21T11:57:00Z,Device
DEV-DELL-0359,DEV-DELL-0359,phx-lab-0359,Dell,Precision 5680,2026-06-21T11:58:00Z,Device
DEV-HP-0360,DEV-HP-0360,phx-lab-0360,HP,ProBook 450 G9,2026-06-21T11:59:00Z,Device
DEV-HP-0361,DEV-HP-0361,den-lab-0361,HP,ZBook Firefly 14 G9,2026-06-21T12:00:00Z,Device
DEV-LENOVO-0362,DEV-LENOVO-0362,phx-fin-0362,Lenovo,ThinkStation P360,2026-06-21T12:01:00Z,Device
DEV-DELL-0363,DEV-DELL-0363,mia-lab-0363,Dell,Precision 3561,2026-06-21T12:02:00Z,Device
DEV-DELL-0364,DEV-DELL-0364,rdu-fin-0364,Dell,Precision 5680,2026-06-21T12:03:00Z,Device
DEV-LENOVO-0365,DEV-LENOVO-0365,nyc-db-0365,Lenovo,ThinkSystem ST650 V2,2026-06-21T12:04:00Z,Device
DEV-DELL-0366,DEV-DELL-0366,sfo-eng-0366,Dell,OptiPlex 7010,2026-06-21T12:05:00Z,Device
DEV-LENOVO-0367,DEV-LENOVO-0367,atl-cad-0367,Lenovo,ThinkPad X1 Carbon Gen 10,2026-06-21T12:06:00Z,Device
DEV-HP-0368,DEV-HP-0368,mia-fin-0368,HP,ProBook 450 G9,2026-06-21T12:07:00Z,Device
DEV-HP-0369,DEV-HP-0369,nyc-virt-0369,HP,ProLiant DL360 Gen10,2026-06-21T12:08:00Z,Device
DEV-HP-0370,DEV-HP-0370,rdu-cad-0370,HP,ZBook Firefly 14 G9,2026-06-21T12:09:00Z,Device
DEV-LENOVO-0371,DEV-LENOVO-0371,phx-srv-0371,Lenovo,ThinkSystem ST650 V2,2026-06-21T12:10:00Z,Device
DEV-DELL-0372,DEV-DELL-0372,rdu-fin-0372,Dell,OptiPlex 7090,2026-06-21T12:11:00Z,Device
DEV-LENOVO-0373,DEV-LENOVO-0373,chi-virt-0373,Lenovo,ThinkSystem SR650 V2,2026-06-21T12:12:00Z,Device
DEV-DELL-0374,DEV-DELL-0374,nyc-app-0374,Dell,PowerEdge R740,2026-06-21T12:13:00Z,Device
DEV-LENOVO-0375,DEV-LENOVO-0375,dal-db-0375,Lenovo,ThinkSystem ST650 V2,2026-06-21T12:14:00Z,Device
DEV-DELL-0376,DEV-DELL-0376,dal-wks-0376,Dell,OptiPlex 7010,2026-06-21T12:15:00Z,Device
DEV-DELL-0377,DEV-DELL-0377,phx-eng-0377,Dell,Latitude 7440,2026-06-21T12:16:00Z,Device
DEV-HP-0378,DEV-HP-0378,mia-wks-0378,HP,EliteBook 840 G9,2026-06-21T12:17:00Z,Device
DEV-LENOVO-0379,DEV-LENOVO-0379,sfo-virt-0379,Lenovo,ThinkSystem SR630 V2,2026-06-21T12:18:00Z,Device
DEV-LENOVO-0380,DEV-LENOVO-0380,sfo-cad-0380,Lenovo,ThinkPad P16 Gen 1,2026-06-21T12:19:00Z,Device
DEV-DELL-0381,DEV-DELL-0381,dal-virt-0381,Dell,PowerEdge R650,2026-06-21T12:20:00Z,Device
DEV-DELL-0382,DEV-DELL-0382,den-ops-0382,Dell,Latitude 5530,2026-06-21T12:21:00Z,Device
DEV-LENOVO-0383,DEV-LENOVO-0383,den-fin-0383,Lenovo,ThinkPad T14 Gen 4,2026-06-21T12:22:00Z,Device
DEV-HP-0384,DEV-HP-0384,phx-lab-0384,HP,EliteBook 840 G8,2026-06-21T12:23:00Z,Device
DEV-HP-0385,DEV-HP-0385,den-fin-0385,HP,EliteBook 840 G9,2026-06-21T12:24:00Z,Device
DEV-DELL-0386,DEV-DELL-0386,phx-ops-0386,Dell,Latitude 7440,2026-06-21T12:25:00Z,Device
DEV-DELL-0387,DEV-DELL-0387,aus-lab-0387,Dell,Precision 5680,2026-06-21T12:26:00Z,Device
DEV-DELL-0388,DEV-DELL-0388,bos-wks-0388,Dell,Latitude 5530,2026-06-21T12:27:00Z,Device
DEV-LENOVO-0389,DEV-LENOVO-0389,nyc-ops-0389,Lenovo,ThinkPad P16 Gen 1,2026-06-21T12:28:00Z,Device
DEV-LENOVO-0390,DEV-LENOVO-0390,sea-ops-0390,Lenovo,ThinkPad T14 Gen 4,2026-06-21T12:29:00Z,Device
DEV-HP-0391,DEV-HP-0391,aus-ops-0391,HP,EliteDesk 800 G6,2026-06-21T12:30:00Z,Device
DEV-LENOVO-0392,DEV-LENOVO-0392,nyc-eng-0392,Lenovo,ThinkPad T14 Gen 4,2026-06-21T12:31:00Z,Device
DEV-DELL-0393,DEV-DELL-0393,phx-db-0393,Dell,PowerEdge R650,2026-06-21T12:32:00Z,Device
DEV-HP-0394,DEV-HP-0394,rdu-virt-0394,HP,ProLiant ML350 Gen10,2026-06-21T12:33:00Z,Device
DEV-LENOVO-0395,DEV-LENOVO-0395,den-cad-0395,Lenovo,ThinkPad T14 Gen 4,2026-06-21T12:34:00Z,Device
DEV-HP-0396,DEV-HP-0396,chi-cad-0396,HP,EliteBook 840 G8,2026-06-21T12:35:00Z,Device
DEV-LENOVO-0397,DEV-LENOVO-0397,aus-db-0397,Lenovo,ThinkSystem SR630 V2,2026-06-21T12:36:00Z,Device
DEV-DELL-0398,DEV-DELL-0398,chi-app-0398,Dell,PowerEdge R750,2026-06-21T12:37:00Z,Device
DEV-HP-0399,DEV-HP-0399,atl-wks-0399,HP,Z2 Tower G9,2026-06-21T12:38:00Z,Device
DEV-HP-0400,DEV-HP-0400,mia-wks-0400,HP,Z2 Tower G9,2026-06-21T12:39:00Z,Device
DEV-HP-0401,DEV-HP-0401,dal-srv-0401,HP,ProLiant DL380 Gen10,2026-06-21T12:40:00Z,Device
DEV-DELL-0402,DEV-DELL-0402,sea-wks-0402,Dell,Latitude 5420,2026-06-21T12:41:00Z,Device
DEV-DELL-0403,DEV-DELL-0403,atl-fin-0403,Dell,OptiPlex 7090,2026-06-21T12:42:00Z,Device
DEV-LENOVO-0404,DEV-LENOVO-0404,aus-virt-0404,Lenovo,ThinkSystem SR630 V2,2026-06-21T12:43:00Z,Device
DEV-LENOVO-0405,DEV-LENOVO-0405,sea-cad-0405,Lenovo,ThinkStation P360,2026-06-21T12:44:00Z,Device
DEV-HP-0406,DEV-HP-0406,aus-lab-0406,HP,ZBook Firefly 14 G9,2026-06-21T12:45:00Z,Device
DEV-LENOVO-0407,DEV-LENOVO-0407,bos-srv-0407,Lenovo,ThinkSystem SR650 V2,2026-06-21T12:46:00Z,Device
DEV-HP-0408,DEV-HP-0408,dal-wks-0408,HP,EliteDesk 800 G6,2026-06-21T12:47:00Z,Device
DEV-DELL-0409,DEV-DELL-0409,atl-eng-0409,Dell,Precision 3561,2026-06-21T12:48:00Z,Device
DEV-HP-0410,DEV-HP-0410,dal-ops-0410,HP,ZBook Firefly 14 G9,2026-06-21T12:49:00Z,Device
DEV-HP-0411,DEV-HP-0411,dal-db-0411,HP,ProLiant DL360 Gen10,2026-06-21T12:50:00Z,Device
DEV-LENOVO-0412,DEV-LENOVO-0412,phx-lab-0412,Lenovo,ThinkPad X1 Carbon Gen 10,2026-06-21T12:51:00Z,Device
DEV-HP-0413,DEV-HP-0413,nyc-eng-0413,HP,ZBook Firefly 14 G9,2026-06-21T12:52:00Z,Device
DEV-DELL-0414,DEV-DELL-0414,phx-fin-0414,Dell,Precision 3561,2026-06-21T12:53:00Z,Device
DEV-DELL-0415,DEV-DELL-0415,rdu-virt-0415,Dell,PowerEdge R650,2026-06-21T12:54:00Z,Device
DEV-DELL-0416,DEV-DELL-0416,sfo-eng-0416,Dell,Latitude 5530,2026-06-21T12:55:00Z,Device
DEV-HP-0417,DEV-HP-0417,sfo-lab-0417,HP,EliteBook 860 G10,2026-06-21T12:56:00Z,Device
DEV-HP-0418,DEV-HP-0418,dal-cad-0418,HP,EliteBook 840 G9,2026-06-21T12:57:00Z,Device
DEV-LENOVO-0419,DEV-LENOVO-0419,bos-fin-0419,Lenovo,ThinkCentre M70q Gen 3,2026-06-21T12:58:00Z,Device
DEV-DELL-0420,DEV-DELL-0420,chi-app-0420,Dell,PowerEdge R750,2026-06-21T12:59:00Z,Device
DEV-DELL-0421,DEV-DELL-0421,sfo-fin-0421,Dell,Latitude 5530,2026-06-21T13:00:00Z,Device
DEV-LENOVO-0422,DEV-LENOVO-0422,den-eng-0422,Lenovo,ThinkCentre M70q Gen 3,2026-06-21T13:01:00Z,Device
DEV-LENOVO-0423,DEV-LENOVO-0423,bos-srv-0423,Lenovo,ThinkSystem SR630 V2,2026-06-21T13:02:00Z,Device
DEV-DELL-0424,DEV-DELL-0424,den-lab-0424,Dell,OptiPlex 7090,2026-06-21T13:03:00Z,Device
DEV-HP-0425,DEV-HP-0425,rdu-srv-0425,HP,ProLiant DL380 Gen10,2026-06-21T13:04:00Z,Device
DEV-DELL-0426,DEV-DELL-0426,mia-db-0426,Dell,PowerEdge R750,2026-06-21T13:05:00Z,Device
DEV-HP-0427,DEV-HP-0427,den-virt-0427,HP,ProLiant DL360 Gen10,2026-06-21T13:06:00Z,Device
DEV-HP-0428,DEV-HP-0428,chi-srv-0428,HP,ProLiant DL360 Gen10,2026-06-21T13:07:00Z,Device
DEV-DELL-0429,DEV-DELL-0429,nyc-lab-0429,Dell,Latitude 7440,2026-06-21T13:08:00Z,Device
DEV-HP-0430,DEV-HP-0430,sea-db-0430,HP,ProLiant DL380 Gen10,2026-06-21T13:09:00Z,Device
DEV-HP-0431,DEV-HP-0431,chi-wks-0431,HP,EliteBook 860 G10,2026-06-21T13:10:00Z,Device
DEV-LENOVO-0432,DEV-LENOVO-0432,aus-wks-0432,Lenovo,ThinkStation P360,2026-06-21T13:11:00Z,Device
DEV-DELL-0433,DEV-DELL-0433,chi-virt-0433,Dell,PowerEdge R740,2026-06-21T13:12:00Z,Device
DEV-HP-0434,DEV-HP-0434,nyc-fin-0434,HP,Z2 Tower G9,2026-06-21T13:13:00Z,Device
DEV-DELL-0435,DEV-DELL-0435,dal-eng-0435,Dell,Precision 5680,2026-06-21T13:14:00Z,Device
DEV-HP-0436,DEV-HP-0436,aus-cad-0436,HP,EliteBook 840 G8,2026-06-21T13:15:00Z,Device
DEV-LENOVO-0437,DEV-LENOVO-0437,mia-eng-0437,Lenovo,ThinkStation P360,2026-06-21T13:16:00Z,Device
DEV-HP-0438,DEV-HP-0438,atl-eng-0438,HP,Z2 Tower G9,2026-06-21T13:17:00Z,Device
DEV-HP-0439,DEV-HP-0439,bos-virt-0439,HP,ProLiant ML350 Gen10,2026-06-21T13:18:00Z,Device
DEV-LENOVO-0440,DEV-LENOVO-0440,aus-ops-0440,Lenovo,ThinkPad T14 Gen 4,2026-06-21T13:19:00Z,Device
DEV-DELL-0441,DEV-DELL-0441,dal-srv-0441,Dell,PowerEdge R650,2026-06-21T13:20:00Z,Device
DEV-HP-0442,DEV-HP-0442,chi-wks-0442,HP,ProBook 450 G9,2026-06-21T13:21:00Z,Device
DEV-DELL-0443,DEV-DELL-0443,phx-fin-0443,Dell,Latitude 5530,2026-06-21T13:22:00Z,Device
DEV-LENOVO-0444,DEV-LENOVO-0444,atl-cad-0444,Lenovo,ThinkPad T14 Gen 2,2026-06-21T13:23:00Z,Device
DEV-HP-0445,DEV-HP-0445,sfo-ops-0445,HP,EliteDesk 800 G6,2026-06-21T13:24:00Z,Device
DEV-HP-0446,DEV-HP-0446,den-db-0446,HP,ProLiant DL360 Gen10,2026-06-21T13:25:00Z,Device
DEV-DELL-0447,DEV-DELL-0447,aus-fin-0447,Dell,Latitude 5420,2026-06-21T13:26:00Z,Device
DEV-DELL-0448,DEV-DELL-0448,phx-cad-0448,Dell,Latitude 5530,2026-06-21T13:27:00Z,Device
DEV-DELL-0449,DEV-DELL-0449,nyc-lab-0449,Dell,Precision 3561,2026-06-21T13:28:00Z,Device
DEV-HP-0450,DEV-HP-0450,phx-virt-0450,HP,ProLiant ML350 Gen10,2026-06-21T13:29:00Z,Device
DEV-DELL-0451,DEV-DELL-0451,nyc-cad-0451,Dell,Latitude 5530,2026-06-21T13:30:00Z,Device
DEV-LENOVO-0452,DEV-LENOVO-0452,rdu-lab-0452,Lenovo,ThinkPad T14 Gen 4,2026-06-21T13:31:00Z,Device
DEV-DELL-0453,DEV-DELL-0453,chi-cad-0453,Dell,Latitude 5420,2026-06-21T13:32:00Z,Device
DEV-DELL-0454,DEV-DELL-0454,rdu-app-0454,Dell,PowerEdge R740,2026-06-21T13:33:00Z,Device
DEV-HP-0455,DEV-HP-0455,sea-lab-0455,HP,ZBook Firefly 14 G9,2026-06-21T13:34:00Z,Device
DEV-HP-0456,DEV-HP-0456,atl-ops-0456,HP,EliteBook 840 G9,2026-06-21T13:35:00Z,Device
DEV-DELL-0457,DEV-DELL-0457,den-fin-0457,Dell,OptiPlex 7010,2026-06-21T13:36:00Z,Device
DEV-LENOVO-0458,DEV-LENOVO-0458,mia-app-0458,Lenovo,ThinkSystem SR630 V2,2026-06-21T13:37:00Z,Device
DEV-LENOVO-0459,DEV-LENOVO-0459,atl-lab-0459,Lenovo,ThinkCentre M90q Gen 3,2026-06-21T13:38:00Z,Device
DEV-DELL-0460,DEV-DELL-0460,atl-srv-0460,Dell,PowerEdge R650,2026-06-21T13:39:00Z,Device
DEV-DELL-0461,DEV-DELL-0461,dal-wks-0461,Dell,Latitude 7440,2026-06-21T13:40:00Z,Device
DEV-LENOVO-0462,DEV-LENOVO-0462,rdu-db-0462,Lenovo,ThinkSystem SR650 V2,2026-06-21T13:41:00Z,Device
DEV-DELL-0463,DEV-DELL-0463,mia-eng-0463,Dell,Precision 3561,2026-06-21T13:42:00Z,Device
DEV-LENOVO-0464,DEV-LENOVO-0464,phx-eng-0464,Lenovo,ThinkCentre M90q Gen 3,2026-06-21T13:43:00Z,Device
DEV-DELL-0465,DEV-DELL-0465,atl-ops-0465,Dell,Latitude 7440,2026-06-21T13:44:00Z,Device
DEV-HP-0466,DEV-HP-0466,sea-db-0466,HP,ProLiant DL360 Gen10,2026-06-21T13:45:00Z,Device
DEV-DELL-0467,DEV-DELL-0467,sea-app-0467,Dell,PowerEdge R650,2026-06-21T13:46:00Z,Device
DEV-DELL-0468,DEV-DELL-0468,atl-lab-0468,Dell,Precision 5680,2026-06-21T13:47:00Z,Device
DEV-DELL-0469,DEV-DELL-0469,atl-db-0469,Dell,PowerEdge R750,2026-06-21T13:48:00Z,Device
DEV-HP-0470,DEV-HP-0470,den-cad-0470,HP,EliteBook 860 G10,2026-06-21T13:49:00Z,Device
DEV-HP-0471,DEV-HP-0471,den-cad-0471,HP,ZBook Firefly 14 G9,2026-06-21T13:50:00Z,Device
DEV-HP-0472,DEV-HP-0472,nyc-lab-0472,HP,ZBook Firefly 14 G9,2026-06-21T13:51:00Z,Device
DEV-DELL-0473,DEV-DELL-0473,sea-fin-0473,Dell,OptiPlex 7090,2026-06-21T13:52:00Z,Device
DEV-DELL-0474,DEV-DELL-0474,bos-eng-0474,Dell,Latitude 5420,2026-06-21T13:53:00Z,Device
DEV-DELL-0475,DEV-DELL-0475,sfo-srv-0475,Dell,PowerEdge R740,2026-06-21T13:54:00Z,Device
DEV-HP-0476,DEV-HP-0476,bos-wks-0476,HP,EliteBook 840 G8,2026-06-21T13:55:00Z,Device
DEV-HP-0477,DEV-HP-0477,aus-eng-0477,HP,EliteBook 840 G9,2026-06-21T13:56:00Z,Device
DEV-LENOVO-0478,DEV-LENOVO-0478,mia-wks-0478,Lenovo,ThinkPad T14 Gen 2,2026-06-21T13:57:00Z,Device
DEV-DELL-0479,DEV-DELL-0479,atl-eng-0479,Dell,Latitude 5420,2026-06-21T13:58:00Z,Device
DEV-LENOVO-0480,DEV-LENOVO-0480,atl-fin-0480,Lenovo,ThinkCentre M70q Gen 3,2026-06-21T13:59:00Z,Device
DEV-LENOVO-0481,DEV-LENOVO-0481,sfo-cad-0481,Lenovo,ThinkPad T14 Gen 2,2026-06-21T14:00:00Z,Device
DEV-LENOVO-0482,DEV-LENOVO-0482,mia-app-0482,Lenovo,ThinkSystem SR630 V2,2026-06-21T14:01:00Z,Device
DEV-DELL-0483,DEV-DELL-0483,aus-cad-0483,Dell,Precision 5680,2026-06-21T14:02:00Z,Device
DEV-DELL-0484,DEV-DELL-0484,dal-virt-0484,Dell,PowerEdge R650,2026-06-21T14:03:00Z,Device
DEV-DELL-0485,DEV-DELL-0485,aus-lab-0485,Dell,OptiPlex 7010,2026-06-21T14:04:00Z,Device
DEV-DELL-0486,DEV-DELL-0486,dal-app-0486,Dell,PowerEdge R650,2026-06-21T14:05:00Z,Device
DEV-LENOVO-0487,DEV-LENOVO-0487,dal-eng-0487,Lenovo,ThinkPad T14 Gen 2,2026-06-21T14:06:00Z,Device
DEV-LENOVO-0488,DEV-LENOVO-0488,chi-lab-0488,Lenovo,ThinkPad T14 Gen 4,2026-06-21T14:07:00Z,Device
DEV-HP-0489,DEV-HP-0489,nyc-eng-0489,HP,EliteBook 860 G10,2026-06-21T14:08:00Z,Device
DEV-DELL-0490,DEV-DELL-0490,bos-lab-0490,Dell,OptiPlex 7090,2026-06-21T14:09:00Z,Device
DEV-HP-0491,DEV-HP-0491,chi-app-0491,HP,ProLiant DL380 Gen10,2026-06-21T14:10:00Z,Device
DEV-DELL-0492,DEV-DELL-0492,dal-db-0492,Dell,PowerEdge R650,2026-06-21T14:11:00Z,Device
DEV-HP-0493,DEV-HP-0493,atl-srv-0493,HP,ProLiant ML350 Gen10,2026-06-21T14:12:00Z,Device
DEV-LENOVO-0494,DEV-LENOVO-0494,phx-srv-0494,Lenovo,ThinkSystem ST650 V2,2026-06-21T14:13:00Z,Device
DEV-DELL-0495,DEV-DELL-0495,phx-cad-0495,Dell,Latitude 7440,2026-06-21T14:14:00Z,Device
DEV-HP-0496,DEV-HP-0496,atl-cad-0496,HP,Z2 Tower G9,2026-06-21T14:15:00Z,Device
DEV-DELL-0497,DEV-DELL-0497,aus-fin-0497,Dell,OptiPlex 7090,2026-06-21T14:16:00Z,Device
DEV-HP-0498,DEV-HP-0498,rdu-srv-0498,HP,ProLiant DL380 Gen10,2026-06-21T14:17:00Z,Device
DEV-LENOVO-0499,DEV-LENOVO-0499,nyc-fin-0499,Lenovo,ThinkCentre M90q Gen 3,2026-06-21T14:18:00Z,Device
DEV-DELL-0500,DEV-DELL-0500,chi-lab-0500,Dell,Latitude 7440,2026-06-21T14:19:00Z,Device
