:START_ID(Device),:END_ID(Driver),:TYPE
DEV-HP-0001,DRV-NVIDIA-F86DF40F00,HAS_DRIVER
DEV-HP-0001,DRV-INTEL-07D41921A9,HAS_DRIVER
DEV-HP-0001,DRV-HP-446583B7B7,HAS_DRIVER
DEV-HP-0001,DRV-BROADCOM-712A2F5A79,HAS_DRIVER
DEV-DELL-0002,DRV-INTEL-C5FED6A54F,HAS_DRIVER
DEV-DELL-0002,DRV-REALTEK-9CCAE8693E,HAS_DRIVER
DEV-DELL-0002,DRV-DELL-674B2D3BF5,HAS_DRIVER
DEV-HP-0003,DRV-REALTEK-99F9F08AE2,HAS_DRIVER
DEV-HP-0003,DRV-BROADCOM-6CDDC970CB,HAS_DRIVER
DEV-HP-0003,DRV-HP-EA822B7312,HAS_DRIVER
DEV-HP-0003,DRV-BROADCOM-712A2F5A79,HAS_DRIVER
DEV-LENOVO-0004,DRV-INTEL-3DF58A09B7,HAS_DRIVER
DEV-LENOVO-0004,DRV-INTEL-3DF58A09B7,HAS_DRIVER
DEV-LENOVO-0004,DRV-SYNAPTICS-3F8B672098,HAS_DRIVER
DEV-HP-0005,DRV-INTEL-E2C439A2DB,HAS_DRIVER
DEV-HP-0005,DRV-INTEL-E87ACAFE4E,HAS_DRIVER
DEV-HP-0005,DRV-HP-8F132A5744,HAS_DRIVER
DEV-HP-0005,DRV-INTEL-8102BEA24F,HAS_DRIVER
DEV-DELL-0006,DRV-INTEL-FE82CD6964,HAS_DRIVER
DEV-DELL-0006,DRV-INTEL-A1512838B1,HAS_DRIVER
DEV-DELL-0006,DRV-DELL-437F9F91D7,HAS_DRIVER
DEV-DELL-0006,DRV-INTEL-9440D9D3AB,HAS_DRIVER
DEV-DELL-0007,DRV-REALTEK-9CCAE8693E,HAS_DRIVER
DEV-DELL-0007,DRV-INTEL-C94BBF26AF,HAS_DRIVER
DEV-DELL-0007,DRV-DELL-61F0A64A98,HAS_DRIVER
DEV-HP-0008,DRV-REALTEK-99F9F08AE2,HAS_DRIVER
DEV-HP-0008,DRV-BROADCOM-18C76647A3,HAS_DRIVER
DEV-HP-0008,DRV-HPE-CB2FAB501A,HAS_DRIVER
DEV-HP-0008,DRV-BROADCOM-F5431F61D1,HAS_DRIVER
DEV-DELL-0009,DRV-INTEL-5CF8B67595,HAS_DRIVER
DEV-DELL-0009,DRV-INTEL-E2C439A2DB,HAS_DRIVER
DEV-DELL-0009,DRV-DELL-6EAF2612B0,HAS_DRIVER
DEV-DELL-0009,DRV-INTEL-9440D9D3AB,HAS_DRIVER
DEV-LENOVO-0010,DRV-INTEL-6E8818052F,HAS_DRIVER
DEV-LENOVO-0010,DRV-BROADCOM-79916FDE65,HAS_DRIVER
DEV-LENOVO-0010,DRV-LENOVO-A1E23AB856,HAS_DRIVER
DEV-DELL-0011,DRV-NVIDIA-F86DF40F00,HAS_DRIVER
DEV-DELL-0011,DRV-BROADCOM-79916FDE65,HAS_DRIVER
DEV-DELL-0011,DRV-DELL-6BBDE36D10,HAS_DRIVER
DEV-DELL-0012,DRV-INTEL-9440D9D3AB,HAS_DRIVER
DEV-DELL-0012,DRV-INTEL-A0286A6555,HAS_DRIVER
DEV-DELL-0012,DRV-DELL-A7AB8550CD,HAS_DRIVER
DEV-DELL-0013,DRV-BROADCOM-712A2F5A79,HAS_DRIVER
DEV-DELL-0013,DRV-REALTEK-1AF4D3AB8A,HAS_DRIVER
DEV-DELL-0013,DRV-DELL-6BBDE36D10,HAS_DRIVER
DEV-DELL-0013,DRV-INTEL-572E16DE2B,HAS_DRIVER
DEV-LENOVO-0014,DRV-INTEL-07D41921A9,HAS_DRIVER
DEV-LENOVO-0014,DRV-NVIDIA-F86DF40F00,HAS_DRIVER
DEV-LENOVO-0014,DRV-LENOVO-659B62DB33,HAS_DRIVER
DEV-LENOVO-0014,DRV-BROADCOM-712A2F5A79,HAS_DRIVER
DEV-DELL-0015,DRV-INTEL-FE82CD6964,HAS_DRIVER
DEV-DELL-0015,DRV-INTEL-F809C78978,HAS_DRIVER
DEV-DELL-0015,DRV-DELL-E634B5C54D,HAS_DRIVER
DEV-HP-0016,DRV-BROADCOM-6CDDC970CB,HAS_DRIVER
DEV-HP-0016,DRV-NVIDIA-F86DF40F00,HAS_DRIVER
DEV-HP-0016,DRV-HP-4C3E2F67B1,HAS_DRIVER
DEV-LENOVO-0017,DRV-REALTEK-99F9F08AE2,HAS_DRIVER
DEV-LENOVO-0017,DRV-REALTEK-8B0DBDB0C8,HAS_DRIVER
DEV-LENOVO-0017,DRV-SYNAPTICS-670CADE0A0,HAS_DRIVER
DEV-LENOVO-0018,DRV-BROADCOM-18C76647A3,HAS_DRIVER
DEV-LENOVO-0018,DRV-INTEL-92948EDB19,HAS_DRIVER
DEV-LENOVO-0018,DRV-LENOVO-341C1F1332,HAS_DRIVER
DEV-LENOVO-0018,DRV-INTEL-9440D9D3AB,HAS_DRIVER
DEV-DELL-0019,DRV-INTEL-6E8818052F,HAS_DRIVER
DEV-DELL-0019,DRV-INTEL-FE82CD6964,HAS_DRIVER
DEV-DELL-0019,DRV-DELL-A7AB8550CD,HAS_DRIVER
DEV-DELL-0020,DRV-BROADCOM-712A2F5A79,HAS_DRIVER
DEV-DELL-0020,DRV-INTEL-5CF8B67595,HAS_DRIVER
DEV-DELL-0020,DRV-DELL-49284F1994,HAS_DRIVER
DEV-DELL-0020,DRV-INTEL-C5FED6A54F,HAS_DRIVER
DEV-LENOVO-0021,DRV-INTEL-E2C439A2DB,HAS_DRIVER
DEV-LENOVO-0021,DRV-INTEL-30B2555CC9,HAS_DRIVER
DEV-LENOVO-0021,DRV-LENOVO-FD4315CE6E,HAS_DRIVER
DEV-DELL-0022,DRV-REALTEK-9CCAE8693E,HAS_DRIVER
DEV-DELL-0022,DRV-REALTEK-9CCAE8693E,HAS_DRIVER
DEV-DELL-0022,DRV-DELL-49284F1994,HAS_DRIVER
DEV-DELL-0022,DRV-INTEL-A0286A6555,HAS_DRIVER
DEV-DELL-0023,DRV-INTEL-07D41921A9,HAS_DRIVER
DEV-DELL-0023,DRV-INTEL-C94BBF26AF,HAS_DRIVER
DEV-DELL-0023,DRV-DELL-E634B5C54D,HAS_DRIVER
DEV-DELL-0024,DRV-BROADCOM-F5431F61D1,HAS_DRIVER
DEV-DELL-0024,DRV-BROADCOM-EEAEEEBCEC,HAS_DRIVER
DEV-DELL-0024,DRV-DELL-A7AB8550CD,HAS_DRIVER
DEV-DELL-0025,DRV-NVIDIA-F86DF40F00,HAS_DRIVER
DEV-DELL-0025,DRV-REALTEK-8B0DBDB0C8,HAS_DRIVER
DEV-DELL-0025,DRV-DELL-301AF4CFE3,HAS_DRIVER
DEV-DELL-0026,DRV-INTEL-9440D9D3AB,HAS_DRIVER
DEV-DELL-0026,DRV-INTEL-F809C78978,HAS_DRIVER
DEV-DELL-0026,DRV-DELL-A7AB8550CD,HAS_DRIVER
DEV-LENOVO-0027,DRV-INTEL-6E8818052F,HAS_DRIVER
DEV-LENOVO-0027,DRV-BROADCOM-EEAEEEBCEC,HAS_DRIVER
DEV-LENOVO-0027,DRV-LENOVO-A2EAB2267C,HAS_DRIVER
DEV-LENOVO-0027,DRV-INTEL-C32F6EC6B7,HAS_DRIVER
DEV-HP-0028,DRV-REALTEK-9CCAE8693E,HAS_DRIVER
DEV-HP-0028,DRV-INTEL-A1512838B1,HAS_DRIVER
DEV-HP-0028,DRV-HP-B05331C613,HAS_DRIVER
DEV-DELL-0029,DRV-REALTEK-1AF4D3AB8A,HAS_DRIVER
DEV-DELL-0029,DRV-INTEL-9440D9D3AB,HAS_DRIVER
DEV-DELL-0029,DRV-DELL-6BBDE36D10,HAS_DRIVER
DEV-HP-0030,DRV-INTEL-92948EDB19,HAS_DRIVER
DEV-HP-0030,DRV-INTEL-F809C78978,HAS_DRIVER
DEV-HP-0030,DRV-HPE-D1072DE67D,HAS_DRIVER
DEV-HP-0030,DRV-BROADCOM-79916FDE65,HAS_DRIVER
DEV-DELL-0031,DRV-BROADCOM-79916FDE65,HAS_DRIVER
DEV-DELL-0031,DRV-INTEL-30B2555CC9,HAS_DRIVER
DEV-DELL-0031,DRV-DELL-A7AB8550CD,HAS_DRIVER
DEV-DELL-0031,DRV-BROADCOM-18C76647A3,HAS_DRIVER
DEV-HP-0032,DRV-NVIDIA-F86DF40F00,HAS_DRIVER
DEV-HP-0032,DRV-INTEL-6E8818052F,HAS_DRIVER
DEV-HP-0032,DRV-HP-8F132A5744,HAS_DRIVER
DEV-HP-0032,DRV-BROADCOM-712A2F5A79,HAS_DRIVER
DEV-HP-0033,DRV-INTEL-F1BB4322E0,HAS_DRIVER
DEV-HP-0033,DRV-REALTEK-1AF4D3AB8A,HAS_DRIVER
DEV-HP-0033,DRV-HP-446583B7B7,HAS_DRIVER
DEV-HP-0034,DRV-INTEL-3DF58A09B7,HAS_DRIVER
DEV-HP-0034,DRV-BROADCOM-04C7F0B0F5,HAS_DRIVER
DEV-HP-0034,DRV-HP-8F132A5744,HAS_DRIVER
DEV-DELL-0035,DRV-REALTEK-99F9F08AE2,HAS_DRIVER
DEV-DELL-0035,DRV-INTEL-5CF8B67595,HAS_DRIVER
DEV-DELL-0035,DRV-DELL-363065213F,HAS_DRIVER
DEV-HP-0036,DRV-INTEL-30B2555CC9,HAS_DRIVER
DEV-HP-0036,DRV-NVIDIA-F86DF40F00,HAS_DRIVER
DEV-HP-0036,DRV-HP-8F132A5744,HAS_DRIVER
DEV-DELL-0037,DRV-REALTEK-99F9F08AE2,HAS_DRIVER
DEV-DELL-0037,DRV-INTEL-E2C439A2DB,HAS_DRIVER
DEV-DELL-0037,DRV-DELL-437F9F91D7,HAS_DRIVER
DEV-DELL-0037,DRV-INTEL-30B2555CC9,HAS_DRIVER
DEV-HP-0038,DRV-INTEL-108EDBBA0F,HAS_DRIVER
DEV-HP-0038,DRV-INTEL-E87ACAFE4E,HAS_DRIVER
DEV-HP-0038,DRV-HP-4C3E2F67B1,HAS_DRIVER
DEV-DELL-0039,DRV-INTEL-3DF58A09B7,HAS_DRIVER
DEV-DELL-0039,DRV-INTEL-3DF58A09B7,HAS_DRIVER
DEV-DELL-0039,DRV-DELL-61F0A64A98,HAS_DRIVER
DEV-HP-0040,DRV-BROADCOM-976E9A1969,HAS_DRIVER
DEV-HP-0040,DRV-INTEL-572E16DE2B,HAS_DRIVER
DEV-HP-0040,DRV-HP-FE7069BD54,HAS_DRIVER
DEV-DELL-0041,DRV-INTEL-6E8818052F,HAS_DRIVER
DEV-DELL-0041,DRV-BROADCOM-04C7F0B0F5,HAS_DRIVER
DEV-DELL-0041,DRV-DELL-363065213F,HAS_DRIVER
DEV-HP-0042,DRV-INTEL-FE82CD6964,HAS_DRIVER
DEV-HP-0042,DRV-BROADCOM-04C7F0B0F5,HAS_DRIVER
DEV-HP-0042,DRV-HPE-D1072DE67D,HAS_DRIVER
DEV-HP-0042,DRV-BROADCOM-712A2F5A79,HAS_DRIVER
DEV-DELL-0043,DRV-INTEL-30B2555CC9,HAS_DRIVER
DEV-DELL-0043,DRV-INTEL-DA709DA80D,HAS_DRIVER
DEV-DELL-0043,DRV-DELL-A8B18FE647,HAS_DRIVER
DEV-DELL-0044,DRV-BROADCOM-6CDDC970CB,HAS_DRIVER
DEV-DELL-0044,DRV-INTEL-A0286A6555,HAS_DRIVER
DEV-DELL-0044,DRV-DELL-6BBDE36D10,HAS_DRIVER
DEV-HP-0045,DRV-REALTEK-8B0DBDB0C8,HAS_DRIVER
DEV-HP-0045,DRV-BROADCOM-976E9A1969,HAS_DRIVER
DEV-HP-0045,DRV-HPE-586A4F3E69,HAS_DRIVER
DEV-DELL-0046,DRV-INTEL-FE82CD6964,HAS_DRIVER
DEV-DELL-0046,DRV-REALTEK-99F9F08AE2,HAS_DRIVER
DEV-DELL-0046,DRV-DELL-49284F1994,HAS_DRIVER
DEV-DELL-0046,DRV-INTEL-572E16DE2B,HAS_DRIVER
DEV-DELL-0047,DRV-REALTEK-1AF4D3AB8A,HAS_DRIVER
DEV-DELL-0047,DRV-BROADCOM-712A2F5A79,HAS_DRIVER
DEV-DELL-0047,DRV-DELL-363065213F,HAS_DRIVER
DEV-DELL-0048,DRV-INTEL-9440D9D3AB,HAS_DRIVER
DEV-DELL-0048,DRV-INTEL-A0286A6555,HAS_DRIVER
DEV-DELL-0048,DRV-DELL-6BBDE36D10,HAS_DRIVER
DEV-DELL-0049,DRV-NVIDIA-F86DF40F00,HAS_DRIVER
DEV-DELL-0049,DRV-NVIDIA-F86DF40F00,HAS_DRIVER
DEV-DELL-0049,DRV-DELL-A8B18FE647,HAS_DRIVER
DEV-DELL-0050,DRV-BROADCOM-6CDDC970CB,HAS_DRIVER
DEV-DELL-0050,DRV-BROADCOM-712A2F5A79,HAS_DRIVER
DEV-DELL-0050,DRV-DELL-E634B5C54D,HAS_DRIVER
DEV-DELL-0050,DRV-INTEL-A0286A6555,HAS_DRIVER
DEV-LENOVO-0051,DRV-INTEL-87B2F6EC20,HAS_DRIVER
DEV-LENOVO-0051,DRV-INTEL-C32F6EC6B7,HAS_DRIVER
DEV-LENOVO-0051,DRV-LENOVO-341C1F1332,HAS_DRIVER
DEV-LENOVO-0051,DRV-BROADCOM-976E9A1969,HAS_DRIVER
DEV-DELL-0052,DRV-NVIDIA-F86DF40F00,HAS_DRIVER
DEV-DELL-0052,DRV-REALTEK-1AF4D3AB8A,HAS_DRIVER
DEV-DELL-0052,DRV-DELL-6BBDE36D10,HAS_DRIVER
DEV-DELL-0052,DRV-INTEL-C5FED6A54F,HAS_DRIVER
DEV-LENOVO-0053,DRV-INTEL-C5FED6A54F,HAS_DRIVER
DEV-LENOVO-0053,DRV-BROADCOM-712A2F5A79,HAS_DRIVER
DEV-LENOVO-0053,DRV-LENOVO-FD4315CE6E,HAS_DRIVER
DEV-HP-0054,DRV-BROADCOM-04C7F0B0F5,HAS_DRIVER
DEV-HP-0054,DRV-INTEL-C5FED6A54F,HAS_DRIVER
DEV-HP-0054,DRV-HP-FE7069BD54,HAS_DRIVER
DEV-DELL-0055,DRV-NVIDIA-F86DF40F00,HAS_DRIVER
DEV-DELL-0055,DRV-NVIDIA-F86DF40F00,HAS_DRIVER
DEV-DELL-0055,DRV-DELL-6EAF2612B0,HAS_DRIVER
DEV-LENOVO-0056,DRV-INTEL-F1BB4322E0,HAS_DRIVER
DEV-LENOVO-0056,DRV-INTEL-A0286A6555,HAS_DRIVER
DEV-LENOVO-0056,DRV-LENOVO-341C1F1332,HAS_DRIVER
DEV-DELL-0057,DRV-INTEL-A04A45BB07,HAS_DRIVER
DEV-DELL-0057,DRV-BROADCOM-04C7F0B0F5,HAS_DRIVER
DEV-DELL-0057,DRV-DELL-363065213F,HAS_DRIVER
DEV-DELL-0058,DRV-BROADCOM-F5431F61D1,HAS_DRIVER
DEV-DELL-0058,DRV-BROADCOM-04C7F0B0F5,HAS_DRIVER
DEV-DELL-0058,DRV-DELL-437F9F91D7,HAS_DRIVER
DEV-DELL-0059,DRV-NVIDIA-F86DF40F00,HAS_DRIVER
DEV-DELL-0059,DRV-REALTEK-8B0DBDB0C8,HAS_DRIVER
DEV-DELL-0059,DRV-DELL-61F0A64A98,HAS_DRIVER
DEV-DELL-0060,DRV-INTEL-87B2F6EC20,HAS_DRIVER
DEV-DELL-0060,DRV-BROADCOM-6CDDC970CB,HAS_DRIVER
DEV-DELL-0060,DRV-DELL-437F9F91D7,HAS_DRIVER
DEV-LENOVO-0061,DRV-REALTEK-9CCAE8693E,HAS_DRIVER
DEV-LENOVO-0061,DRV-INTEL-30B2555CC9,HAS_DRIVER
DEV-LENOVO-0061,DRV-LENOVO-4463291A50,HAS_DRIVER
DEV-DELL-0062,DRV-INTEL-108EDBBA0F,HAS_DRIVER
DEV-DELL-0062,DRV-REALTEK-9CCAE8693E,HAS_DRIVER
DEV-DELL-0062,DRV-DELL-61F0A64A98,HAS_DRIVER
DEV-HP-0063,DRV-BROADCOM-6CDDC970CB,HAS_DRIVER
DEV-HP-0063,DRV-BROADCOM-04C7F0B0F5,HAS_DRIVER
DEV-HP-0063,DRV-HP-8F132A5744,HAS_DRIVER
DEV-LENOVO-0064,DRV-BROADCOM-18C76647A3,HAS_DRIVER
DEV-LENOVO-0064,DRV-INTEL-F1BB4322E0,HAS_DRIVER
DEV-LENOVO-0064,DRV-LENOVO-4463291A50,HAS_DRIVER
DEV-DELL-0065,DRV-INTEL-108EDBBA0F,HAS_DRIVER
DEV-DELL-0065,DRV-INTEL-6E8818052F,HAS_DRIVER
DEV-DELL-0065,DRV-DELL-E634B5C54D,HAS_DRIVER
DEV-DELL-0065,DRV-BROADCOM-18C76647A3,HAS_DRIVER
DEV-DELL-0066,DRV-INTEL-F809C78978,HAS_DRIVER
DEV-DELL-0066,DRV-INTEL-C32F6EC6B7,HAS_DRIVER
DEV-DELL-0066,DRV-DELL-A7AB8550CD,HAS_DRIVER
DEV-DELL-0066,DRV-BROADCOM-EEAEEEBCEC,HAS_DRIVER
DEV-HP-0067,DRV-BROADCOM-712A2F5A79,HAS_DRIVER
DEV-HP-0067,DRV-INTEL-87B2F6EC20,HAS_DRIVER
DEV-HP-0067,DRV-HP-4C3E2F67B1,HAS_DRIVER
DEV-LENOVO-0068,DRV-INTEL-A0286A6555,HAS_DRIVER
DEV-LENOVO-0068,DRV-REALTEK-1AF4D3AB8A,HAS_DRIVER
DEV-LENOVO-0068,DRV-SYNAPTICS-3F8B672098,HAS_DRIVER
DEV-LENOVO-0068,DRV-BROADCOM-EEAEEEBCEC,HAS_DRIVER
DEV-DELL-0069,DRV-INTEL-DA709DA80D,HAS_DRIVER
DEV-DELL-0069,DRV-INTEL-3DF58A09B7,HAS_DRIVER
DEV-DELL-0069,DRV-DELL-6EAF2612B0,HAS_DRIVER
DEV-LENOVO-0070,DRV-INTEL-A1512838B1,HAS_DRIVER
DEV-LENOVO-0070,DRV-INTEL-C94BBF26AF,HAS_DRIVER
DEV-LENOVO-0070,DRV-LENOVO-341C1F1332,HAS_DRIVER
DEV-HP-0071,DRV-INTEL-6E8818052F,HAS_DRIVER
DEV-HP-0071,DRV-INTEL-108EDBBA0F,HAS_DRIVER
DEV-HP-0071,DRV-HPE-92328778B4,HAS_DRIVER
DEV-DELL-0072,DRV-INTEL-104FE7C895,HAS_DRIVER
DEV-DELL-0072,DRV-NVIDIA-F86DF40F00,HAS_DRIVER
DEV-DELL-0072,DRV-DELL-E634B5C54D,HAS_DRIVER
DEV-DELL-0072,DRV-BROADCOM-F5431F61D1,HAS_DRIVER
DEV-LENOVO-0073,DRV-INTEL-07D41921A9,HAS_DRIVER
DEV-LENOVO-0073,DRV-REALTEK-1AF4D3AB8A,HAS_DRIVER
DEV-LENOVO-0073,DRV-SYNAPTICS-6FADD1FBCA,HAS_DRIVER
DEV-DELL-0074,DRV-INTEL-87B2F6EC20,HAS_DRIVER
DEV-DELL-0074,DRV-INTEL-8102BEA24F,HAS_DRIVER
DEV-DELL-0074,DRV-DELL-49284F1994,HAS_DRIVER
DEV-DELL-0074,DRV-INTEL-3DF58A09B7,HAS_DRIVER
DEV-HP-0075,DRV-BROADCOM-712A2F5A79,HAS_DRIVER
DEV-HP-0075,DRV-INTEL-A1512838B1,HAS_DRIVER
DEV-HP-0075,DRV-HPE-D1072DE67D,HAS_DRIVER
DEV-HP-0075,DRV-BROADCOM-79916FDE65,HAS_DRIVER
DEV-DELL-0076,DRV-INTEL-87B2F6EC20,HAS_DRIVER
DEV-DELL-0076,DRV-REALTEK-1AF4D3AB8A,HAS_DRIVER
DEV-DELL-0076,DRV-DELL-6EAF2612B0,HAS_DRIVER
DEV-DELL-0077,DRV-REALTEK-8B0DBDB0C8,HAS_DRIVER
DEV-DELL-0077,DRV-INTEL-5CF8B67595,HAS_DRIVER
DEV-DELL-0077,DRV-DELL-301AF4CFE3,HAS_DRIVER
DEV-DELL-0078,DRV-INTEL-C94BBF26AF,HAS_DRIVER
DEV-DELL-0078,DRV-INTEL-A1512838B1,HAS_DRIVER
DEV-DELL-0078,DRV-DELL-E634B5C54D,HAS_DRIVER
DEV-HP-0079,DRV-INTEL-07D41921A9,HAS_DRIVER
DEV-HP-0079,DRV-REALTEK-1AF4D3AB8A,HAS_DRIVER
DEV-HP-0079,DRV-HPE-586A4F3E69,HAS_DRIVER
DEV-DELL-0080,DRV-NVIDIA-F86DF40F00,HAS_DRIVER
DEV-DELL-0080,DRV-BROADCOM-976E9A1969,HAS_DRIVER
DEV-DELL-0080,DRV-DELL-301AF4CFE3,HAS_DRIVER
DEV-HP-0081,DRV-INTEL-6E8818052F,HAS_DRIVER
DEV-HP-0081,DRV-NVIDIA-F86DF40F00,HAS_DRIVER
DEV-HP-0081,DRV-HP-8F132A5744,HAS_DRIVER
DEV-HP-0082,DRV-BROADCOM-04C7F0B0F5,HAS_DRIVER
DEV-HP-0082,DRV-INTEL-FE82CD6964,HAS_DRIVER
DEV-HP-0082,DRV-HP-8F132A5744,HAS_DRIVER
DEV-HP-0082,DRV-INTEL-9440D9D3AB,HAS_DRIVER
DEV-DELL-0083,DRV-INTEL-E2C439A2DB,HAS_DRIVER
DEV-DELL-0083,DRV-BROADCOM-6CDDC970CB,HAS_DRIVER
DEV-DELL-0083,DRV-DELL-A8B18FE647,HAS_DRIVER
DEV-DELL-0083,DRV-INTEL-9440D9D3AB,HAS_DRIVER
DEV-LENOVO-0084,DRV-INTEL-572E16DE2B,HAS_DRIVER
DEV-LENOVO-0084,DRV-NVIDIA-F86DF40F00,HAS_DRIVER
DEV-LENOVO-0084,DRV-LENOVO-A1E23AB856,HAS_DRIVER
DEV-HP-0085,DRV-BROADCOM-F5431F61D1,HAS_DRIVER
DEV-HP-0085,DRV-INTEL-E2C439A2DB,HAS_DRIVER
DEV-HP-0085,DRV-HPE-D1072DE67D,HAS_DRIVER
DEV-DELL-0086,DRV-INTEL-30B2555CC9,HAS_DRIVER
DEV-DELL-0086,DRV-BROADCOM-976E9A1969,HAS_DRIVER
DEV-DELL-0086,DRV-DELL-6EAF2612B0,HAS_DRIVER
DEV-HP-0087,DRV-INTEL-108EDBBA0F,HAS_DRIVER
DEV-HP-0087,DRV-INTEL-F1BB4322E0,HAS_DRIVER
DEV-HP-0087,DRV-HPE-CB2FAB501A,HAS_DRIVER
DEV-DELL-0088,DRV-INTEL-F1BB4322E0,HAS_DRIVER
DEV-DELL-0088,DRV-INTEL-FE82CD6964,HAS_DRIVER
DEV-DELL-0088,DRV-DELL-437F9F91D7,HAS_DRIVER
DEV-DELL-0088,DRV-INTEL-3DF58A09B7,HAS_DRIVER
DEV-LENOVO-0089,DRV-INTEL-DA709DA80D,HAS_DRIVER
DEV-LENOVO-0089,DRV-INTEL-DA709DA80D,HAS_DRIVER
DEV-LENOVO-0089,DRV-SYNAPTICS-6FADD1FBCA,HAS_DRIVER
DEV-LENOVO-0090,DRV-INTEL-5CF8B67595,HAS_DRIVER
DEV-LENOVO-0090,DRV-INTEL-87B2F6EC20,HAS_DRIVER
DEV-LENOVO-0090,DRV-LENOVO-659B62DB33,HAS_DRIVER
DEV-DELL-0091,DRV-NVIDIA-F86DF40F00,HAS_DRIVER
DEV-DELL-0091,DRV-BROADCOM-712A2F5A79,HAS_DRIVER
DEV-DELL-0091,DRV-DELL-0572FBDFAB,HAS_DRIVER
DEV-DELL-0092,DRV-INTEL-92948EDB19,HAS_DRIVER
DEV-DELL-0092,DRV-BROADCOM-F5431F61D1,HAS_DRIVER
DEV-DELL-0092,DRV-DELL-363065213F,HAS_DRIVER
DEV-DELL-0092,DRV-BROADCOM-6CDDC970CB,HAS_DRIVER
DEV-HP-0093,DRV-NVIDIA-F86DF40F00,HAS_DRIVER
DEV-HP-0093,DRV-INTEL-5CF8B67595,HAS_DRIVER
DEV-HP-0093,DRV-HP-EA822B7312,HAS_DRIVER
DEV-DELL-0094,DRV-INTEL-FE82CD6964,HAS_DRIVER
DEV-DELL-0094,DRV-INTEL-30B2555CC9,HAS_DRIVER
DEV-DELL-0094,DRV-DELL-6BBDE36D10,HAS_DRIVER
DEV-DELL-0095,DRV-INTEL-FE82CD6964,HAS_DRIVER
DEV-DELL-0095,DRV-INTEL-A04A45BB07,HAS_DRIVER
DEV-DELL-0095,DRV-DELL-61F0A64A98,HAS_DRIVER
DEV-LENOVO-0096,DRV-NVIDIA-F86DF40F00,HAS_DRIVER
DEV-LENOVO-0096,DRV-NVIDIA-F86DF40F00,HAS_DRIVER
DEV-LENOVO-0096,DRV-SYNAPTICS-6FADD1FBCA,HAS_DRIVER
DEV-DELL-0097,DRV-INTEL-F1BB4322E0,HAS_DRIVER
DEV-DELL-0097,DRV-INTEL-572E16DE2B,HAS_DRIVER
DEV-DELL-0097,DRV-DELL-363065213F,HAS_DRIVER
DEV-DELL-0097,DRV-INTEL-F809C78978,HAS_DRIVER
DEV-HP-0098,DRV-NVIDIA-F86DF40F00,HAS_DRIVER
DEV-HP-0098,DRV-INTEL-A0286A6555,HAS_DRIVER
DEV-HP-0098,DRV-HPE-CB2FAB501A,HAS_DRIVER
DEV-HP-0098,DRV-BROADCOM-04C7F0B0F5,HAS_DRIVER
DEV-DELL-0099,DRV-INTEL-92948EDB19,HAS_DRIVER
DEV-DELL-0099,DRV-INTEL-6E8818052F,HAS_DRIVER
DEV-DELL-0099,DRV-DELL-674B2D3BF5,HAS_DRIVER
DEV-DELL-0100,DRV-BROADCOM-6CDDC970CB,HAS_DRIVER
DEV-DELL-0100,DRV-BROADCOM-712A2F5A79,HAS_DRIVER
DEV-DELL-0100,DRV-DELL-0572FBDFAB,HAS_DRIVER
DEV-DELL-0100,DRV-INTEL-8102BEA24F,HAS_DRIVER
DEV-LENOVO-0101,DRV-INTEL-E87ACAFE4E,HAS_DRIVER
DEV-LENOVO-0101,DRV-INTEL-A0286A6555,HAS_DRIVER
DEV-LENOVO-0101,DRV-LENOVO-A2EAB2267C,HAS_DRIVER
DEV-LENOVO-0101,DRV-INTEL-A0286A6555,HAS_DRIVER
DEV-HP-0102,DRV-INTEL-87B2F6EC20,HAS_DRIVER
DEV-HP-0102,DRV-INTEL-E2C439A2DB,HAS_DRIVER
DEV-HP-0102,DRV-HPE-586A4F3E69,HAS_DRIVER
DEV-LENOVO-0103,DRV-INTEL-5CF8B67595,HAS_DRIVER
DEV-LENOVO-0103,DRV-INTEL-A04A45BB07,HAS_DRIVER
DEV-LENOVO-0103,DRV-LENOVO-341C1F1332,HAS_DRIVER
DEV-DELL-0104,DRV-INTEL-A0286A6555,HAS_DRIVER
DEV-DELL-0104,DRV-INTEL-104FE7C895,HAS_DRIVER
DEV-DELL-0104,DRV-DELL-E634B5C54D,HAS_DRIVER
DEV-DELL-0105,DRV-REALTEK-99F9F08AE2,HAS_DRIVER
DEV-DELL-0105,DRV-BROADCOM-18C76647A3,HAS_DRIVER
DEV-DELL-0105,DRV-DELL-0572FBDFAB,HAS_DRIVER
DEV-DELL-0105,DRV-BROADCOM-F5431F61D1,HAS_DRIVER
DEV-DELL-0106,DRV-BROADCOM-79916FDE65,HAS_DRIVER
DEV-DELL-0106,DRV-INTEL-104FE7C895,HAS_DRIVER
DEV-DELL-0106,DRV-DELL-A7AB8550CD,HAS_DRIVER
DEV-HP-0107,DRV-INTEL-108EDBBA0F,HAS_DRIVER
DEV-HP-0107,DRV-INTEL-6E8818052F,HAS_DRIVER
DEV-HP-0107,DRV-HP-FE7069BD54,HAS_DRIVER
DEV-HP-0108,DRV-INTEL-A1512838B1,HAS_DRIVER
DEV-HP-0108,DRV-INTEL-6E8818052F,HAS_DRIVER
DEV-HP-0108,DRV-HPE-586A4F3E69,HAS_DRIVER
DEV-HP-0109,DRV-REALTEK-99F9F08AE2,HAS_DRIVER
DEV-HP-0109,DRV-INTEL-F809C78978,HAS_DRIVER
DEV-HP-0109,DRV-HPE-CB2FAB501A,HAS_DRIVER
DEV-DELL-0110,DRV-INTEL-87B2F6EC20,HAS_DRIVER
DEV-DELL-0110,DRV-INTEL-E2C439A2DB,HAS_DRIVER
DEV-DELL-0110,DRV-DELL-49284F1994,HAS_DRIVER
DEV-LENOVO-0111,DRV-INTEL-C5FED6A54F,HAS_DRIVER
DEV-LENOVO-0111,DRV-BROADCOM-F5431F61D1,HAS_DRIVER
DEV-LENOVO-0111,DRV-LENOVO-A2EAB2267C,HAS_DRIVER
DEV-DELL-0112,DRV-INTEL-30B2555CC9,HAS_DRIVER
DEV-DELL-0112,DRV-INTEL-C94BBF26AF,HAS_DRIVER
DEV-DELL-0112,DRV-DELL-6BBDE36D10,HAS_DRIVER
DEV-DELL-0112,DRV-INTEL-C5FED6A54F,HAS_DRIVER
DEV-DELL-0113,DRV-INTEL-07D41921A9,HAS_DRIVER
DEV-DELL-0113,DRV-BROADCOM-04C7F0B0F5,HAS_DRIVER
DEV-DELL-0113,DRV-DELL-363065213F,HAS_DRIVER
DEV-DELL-0113,DRV-INTEL-F809C78978,HAS_DRIVER
DEV-DELL-0114,DRV-BROADCOM-976E9A1969,HAS_DRIVER
DEV-DELL-0114,DRV-INTEL-572E16DE2B,HAS_DRIVER
DEV-DELL-0114,DRV-DELL-0572FBDFAB,HAS_DRIVER
DEV-DELL-0114,DRV-INTEL-C5FED6A54F,HAS_DRIVER
DEV-LENOVO-0115,DRV-INTEL-92948EDB19,HAS_DRIVER
DEV-LENOVO-0115,DRV-REALTEK-8B0DBDB0C8,HAS_DRIVER
DEV-LENOVO-0115,DRV-LENOVO-A1E23AB856,HAS_DRIVER
DEV-LENOVO-0115,DRV-BROADCOM-6CDDC970CB,HAS_DRIVER
DEV-LENOVO-0116,DRV-INTEL-87B2F6EC20,HAS_DRIVER
DEV-LENOVO-0116,DRV-BROADCOM-79916FDE65,HAS_DRIVER
DEV-LENOVO-0116,DRV-LENOVO-21D7F0BAAB,HAS_DRIVER
DEV-HP-0117,DRV-INTEL-C94BBF26AF,HAS_DRIVER
DEV-HP-0117,DRV-INTEL-E2C439A2DB,HAS_DRIVER
DEV-HP-0117,DRV-HP-B05331C613,HAS_DRIVER
DEV-DELL-0118,DRV-BROADCOM-79916FDE65,HAS_DRIVER
DEV-DELL-0118,DRV-BROADCOM-04C7F0B0F5,HAS_DRIVER
DEV-DELL-0118,DRV-DELL-61F0A64A98,HAS_DRIVER
DEV-DELL-0118,DRV-INTEL-5CF8B67595,HAS_DRIVER
DEV-LENOVO-0119,DRV-INTEL-92948EDB19,HAS_DRIVER
DEV-LENOVO-0119,DRV-INTEL-104FE7C895,HAS_DRIVER
DEV-LENOVO-0119,DRV-LENOVO-21D7F0BAAB,HAS_DRIVER
DEV-LENOVO-0120,DRV-INTEL-30B2555CC9,HAS_DRIVER
DEV-LENOVO-0120,DRV-BROADCOM-79916FDE65,HAS_DRIVER
DEV-LENOVO-0120,DRV-LENOVO-A1E23AB856,HAS_DRIVER
DEV-LENOVO-0120,DRV-INTEL-F809C78978,HAS_DRIVER
DEV-DELL-0121,DRV-INTEL-FE82CD6964,HAS_DRIVER
DEV-DELL-0121,DRV-NVIDIA-F86DF40F00,HAS_DRIVER
DEV-DELL-0121,DRV-DELL-0572FBDFAB,HAS_DRIVER
DEV-DELL-0122,DRV-INTEL-8102BEA24F,HAS_DRIVER
DEV-DELL-0122,DRV-INTEL-C5FED6A54F,HAS_DRIVER
DEV-DELL-0122,DRV-DELL-A7AB8550CD,HAS_DRIVER
DEV-LENOVO-0123,DRV-BROADCOM-6CDDC970CB,HAS_DRIVER
DEV-LENOVO-0123,DRV-BROADCOM-18C76647A3,HAS_DRIVER
DEV-LENOVO-0123,DRV-LENOVO-341C1F1332,HAS_DRIVER
DEV-LENOVO-0123,DRV-INTEL-C5FED6A54F,HAS_DRIVER
DEV-DELL-0124,DRV-BROADCOM-EEAEEEBCEC,HAS_DRIVER
DEV-DELL-0124,DRV-INTEL-E87ACAFE4E,HAS_DRIVER
DEV-DELL-0124,DRV-DELL-437F9F91D7,HAS_DRIVER
DEV-DELL-0125,DRV-REALTEK-99F9F08AE2,HAS_DRIVER
DEV-DELL-0125,DRV-BROADCOM-EEAEEEBCEC,HAS_DRIVER
DEV-DELL-0125,DRV-DELL-6BBDE36D10,HAS_DRIVER
DEV-HP-0126,DRV-INTEL-F1BB4322E0,HAS_DRIVER
DEV-HP-0126,DRV-INTEL-30B2555CC9,HAS_DRIVER
DEV-HP-0126,DRV-HP-8F132A5744,HAS_DRIVER
DEV-DELL-0127,DRV-INTEL-9440D9D3AB,HAS_DRIVER
DEV-DELL-0127,DRV-NVIDIA-F86DF40F00,HAS_DRIVER
DEV-DELL-0127,DRV-DELL-437F9F91D7,HAS_DRIVER
DEV-DELL-0128,DRV-INTEL-C5FED6A54F,HAS_DRIVER
DEV-DELL-0128,DRV-INTEL-A0286A6555,HAS_DRIVER
DEV-DELL-0128,DRV-DELL-363065213F,HAS_DRIVER
DEV-LENOVO-0129,DRV-INTEL-FE82CD6964,HAS_DRIVER
DEV-LENOVO-0129,DRV-INTEL-5CF8B67595,HAS_DRIVER
DEV-LENOVO-0129,DRV-SYNAPTICS-3F8B672098,HAS_DRIVER
DEV-LENOVO-0129,DRV-INTEL-A0286A6555,HAS_DRIVER
DEV-DELL-0130,DRV-BROADCOM-79916FDE65,HAS_DRIVER
DEV-DELL-0130,DRV-REALTEK-8B0DBDB0C8,HAS_DRIVER
DEV-DELL-0130,DRV-DELL-6BBDE36D10,HAS_DRIVER
DEV-HP-0131,DRV-INTEL-A04A45BB07,HAS_DRIVER
DEV-HP-0131,DRV-BROADCOM-976E9A1969,HAS_DRIVER
DEV-HP-0131,DRV-HP-8F132A5744,HAS_DRIVER
DEV-DELL-0132,DRV-INTEL-E87ACAFE4E,HAS_DRIVER
DEV-DELL-0132,DRV-NVIDIA-F86DF40F00,HAS_DRIVER
DEV-DELL-0132,DRV-DELL-674B2D3BF5,HAS_DRIVER
DEV-DELL-0132,DRV-BROADCOM-04C7F0B0F5,HAS_DRIVER
DEV-HP-0133,DRV-BROADCOM-04C7F0B0F5,HAS_DRIVER
DEV-HP-0133,DRV-INTEL-E2C439A2DB,HAS_DRIVER
DEV-HP-0133,DRV-HPE-CB2FAB501A,HAS_DRIVER
DEV-DELL-0134,DRV-INTEL-FE82CD6964,HAS_DRIVER
DEV-DELL-0134,DRV-INTEL-E2C439A2DB,HAS_DRIVER
DEV-DELL-0134,DRV-DELL-61F0A64A98,HAS_DRIVER
DEV-DELL-0135,DRV-INTEL-9440D9D3AB,HAS_DRIVER
DEV-DELL-0135,DRV-INTEL-C5FED6A54F,HAS_DRIVER
DEV-DELL-0135,DRV-DELL-6EAF2612B0,HAS_DRIVER
DEV-LENOVO-0136,DRV-INTEL-A04A45BB07,HAS_DRIVER
DEV-LENOVO-0136,DRV-INTEL-F809C78978,HAS_DRIVER
DEV-LENOVO-0136,DRV-LENOVO-659B62DB33,HAS_DRIVER
DEV-DELL-0137,DRV-INTEL-8102BEA24F,HAS_DRIVER
DEV-DELL-0137,DRV-BROADCOM-18C76647A3,HAS_DRIVER
DEV-DELL-0137,DRV-DELL-674B2D3BF5,HAS_DRIVER
DEV-HP-0138,DRV-INTEL-E2C439A2DB,HAS_DRIVER
DEV-HP-0138,DRV-INTEL-A1512838B1,HAS_DRIVER
DEV-HP-0138,DRV-HP-B05331C613,HAS_DRIVER
DEV-HP-0139,DRV-BROADCOM-18C76647A3,HAS_DRIVER
DEV-HP-0139,DRV-NVIDIA-F86DF40F00,HAS_DRIVER
DEV-HP-0139,DRV-HPE-586A4F3E69,HAS_DRIVER
DEV-DELL-0140,DRV-INTEL-F1BB4322E0,HAS_DRIVER
DEV-DELL-0140,DRV-REALTEK-1AF4D3AB8A,HAS_DRIVER
DEV-DELL-0140,DRV-DELL-6BBDE36D10,HAS_DRIVER
DEV-HP-0141,DRV-REALTEK-8B0DBDB0C8,HAS_DRIVER
DEV-HP-0141,DRV-REALTEK-8B0DBDB0C8,HAS_DRIVER
DEV-HP-0141,DRV-HP-B05331C613,HAS_DRIVER
DEV-HP-0141,DRV-BROADCOM-6CDDC970CB,HAS_DRIVER
DEV-DELL-0142,DRV-BROADCOM-6CDDC970CB,HAS_DRIVER
DEV-DELL-0142,DRV-INTEL-A1512838B1,HAS_DRIVER
DEV-DELL-0142,DRV-DELL-6EAF2612B0,HAS_DRIVER
DEV-DELL-0142,DRV-INTEL-9440D9D3AB,HAS_DRIVER
DEV-DELL-0143,DRV-REALTEK-1AF4D3AB8A,HAS_DRIVER
DEV-DELL-0143,DRV-NVIDIA-F86DF40F00,HAS_DRIVER
DEV-DELL-0143,DRV-DELL-363065213F,HAS_DRIVER
DEV-DELL-0144,DRV-INTEL-6E8818052F,HAS_DRIVER
DEV-DELL-0144,DRV-INTEL-C94BBF26AF,HAS_DRIVER
DEV-DELL-0144,DRV-DELL-437F9F91D7,HAS_DRIVER
DEV-HP-0145,DRV-BROADCOM-EEAEEEBCEC,HAS_DRIVER
DEV-HP-0145,DRV-BROADCOM-18C76647A3,HAS_DRIVER
DEV-HP-0145,DRV-HPE-CB2FAB501A,HAS_DRIVER
DEV-DELL-0146,DRV-INTEL-E87ACAFE4E,HAS_DRIVER
DEV-DELL-0146,DRV-INTEL-E2C439A2DB,HAS_DRIVER
DEV-DELL-0146,DRV-DELL-0572FBDFAB,HAS_DRIVER
DEV-DELL-0147,DRV-REALTEK-99F9F08AE2,HAS_DRIVER
DEV-DELL-0147,DRV-INTEL-5CF8B67595,HAS_DRIVER
DEV-DELL-0147,DRV-DELL-E634B5C54D,HAS_DRIVER
DEV-DELL-0148,DRV-INTEL-C94BBF26AF,HAS_DRIVER
DEV-DELL-0148,DRV-INTEL-104FE7C895,HAS_DRIVER
DEV-DELL-0148,DRV-DELL-301AF4CFE3,HAS_DRIVER
DEV-DELL-0149,DRV-INTEL-DA709DA80D,HAS_DRIVER
DEV-DELL-0149,DRV-BROADCOM-EEAEEEBCEC,HAS_DRIVER
DEV-DELL-0149,DRV-DELL-6BBDE36D10,HAS_DRIVER
DEV-DELL-0149,DRV-BROADCOM-6CDDC970CB,HAS_DRIVER
DEV-HP-0150,DRV-INTEL-FE82CD6964,HAS_DRIVER
DEV-HP-0150,DRV-INTEL-92948EDB19,HAS_DRIVER
DEV-HP-0150,DRV-HP-3298769181,HAS_DRIVER
DEV-DELL-0151,DRV-INTEL-A1512838B1,HAS_DRIVER
DEV-DELL-0151,DRV-BROADCOM-79916FDE65,HAS_DRIVER
DEV-DELL-0151,DRV-DELL-674B2D3BF5,HAS_DRIVER
DEV-LENOVO-0152,DRV-BROADCOM-976E9A1969,HAS_DRIVER
DEV-LENOVO-0152,DRV-INTEL-9440D9D3AB,HAS_DRIVER
DEV-LENOVO-0152,DRV-SYNAPTICS-3F8B672098,HAS_DRIVER
DEV-DELL-0153,DRV-INTEL-6E8818052F,HAS_DRIVER
DEV-DELL-0153,DRV-INTEL-A0286A6555,HAS_DRIVER
DEV-DELL-0153,DRV-DELL-437F9F91D7,HAS_DRIVER
DEV-DELL-0153,DRV-INTEL-9440D9D3AB,HAS_DRIVER
DEV-HP-0154,DRV-INTEL-07D41921A9,HAS_DRIVER
DEV-HP-0154,DRV-INTEL-F1BB4322E0,HAS_DRIVER
DEV-HP-0154,DRV-HP-FE7069BD54,HAS_DRIVER
DEV-HP-0154,DRV-INTEL-3DF58A09B7,HAS_DRIVER
DEV-HP-0155,DRV-REALTEK-1AF4D3AB8A,HAS_DRIVER
DEV-HP-0155,DRV-INTEL-30B2555CC9,HAS_DRIVER
DEV-HP-0155,DRV-HP-275087D1B3,HAS_DRIVER
DEV-HP-0155,DRV-BROADCOM-79916FDE65,HAS_DRIVER
DEV-LENOVO-0156,DRV-BROADCOM-18C76647A3,HAS_DRIVER
DEV-LENOVO-0156,DRV-REALTEK-99F9F08AE2,HAS_DRIVER
DEV-LENOVO-0156,DRV-LENOVO-FD4315CE6E,HAS_DRIVER
DEV-DELL-0157,DRV-INTEL-92948EDB19,HAS_DRIVER
DEV-DELL-0157,DRV-BROADCOM-976E9A1969,HAS_DRIVER
DEV-DELL-0157,DRV-DELL-0572FBDFAB,HAS_DRIVER
DEV-DELL-0157,DRV-INTEL-3DF58A09B7,HAS_DRIVER
DEV-LENOVO-0158,DRV-INTEL-E2C439A2DB,HAS_DRIVER
DEV-LENOVO-0158,DRV-INTEL-FE82CD6964,HAS_DRIVER
DEV-LENOVO-0158,DRV-LENOVO-659B62DB33,HAS_DRIVER
DEV-DELL-0159,DRV-INTEL-C5FED6A54F,HAS_DRIVER
DEV-DELL-0159,DRV-INTEL-3DF58A09B7,HAS_DRIVER
DEV-DELL-0159,DRV-DELL-6BBDE36D10,HAS_DRIVER
DEV-HP-0160,DRV-INTEL-DA709DA80D,HAS_DRIVER
DEV-HP-0160,DRV-INTEL-E87ACAFE4E,HAS_DRIVER
DEV-HP-0160,DRV-HP-8F132A5744,HAS_DRIVER
DEV-HP-0161,DRV-INTEL-9440D9D3AB,HAS_DRIVER
DEV-HP-0161,DRV-NVIDIA-F86DF40F00,HAS_DRIVER
DEV-HP-0161,DRV-HPE-CB2FAB501A,HAS_DRIVER
DEV-HP-0161,DRV-INTEL-104FE7C895,HAS_DRIVER
DEV-DELL-0162,DRV-INTEL-A1512838B1,HAS_DRIVER
DEV-DELL-0162,DRV-INTEL-5CF8B67595,HAS_DRIVER
DEV-DELL-0162,DRV-DELL-0572FBDFAB,HAS_DRIVER
DEV-HP-0163,DRV-INTEL-C5FED6A54F,HAS_DRIVER
DEV-HP-0163,DRV-NVIDIA-F86DF40F00,HAS_DRIVER
DEV-HP-0163,DRV-HPE-D1072DE67D,HAS_DRIVER
DEV-LENOVO-0164,DRV-NVIDIA-F86DF40F00,HAS_DRIVER
DEV-LENOVO-0164,DRV-NVIDIA-F86DF40F00,HAS_DRIVER
DEV-LENOVO-0164,DRV-LENOVO-341C1F1332,HAS_DRIVER
DEV-LENOVO-0165,DRV-REALTEK-1AF4D3AB8A,HAS_DRIVER
DEV-LENOVO-0165,DRV-REALTEK-1AF4D3AB8A,HAS_DRIVER
DEV-LENOVO-0165,DRV-LENOVO-B80A839034,HAS_DRIVER
DEV-DELL-0166,DRV-INTEL-3DF58A09B7,HAS_DRIVER
DEV-DELL-0166,DRV-REALTEK-8B0DBDB0C8,HAS_DRIVER
DEV-DELL-0166,DRV-DELL-6EAF2612B0,HAS_DRIVER
DEV-DELL-0167,DRV-INTEL-8102BEA24F,HAS_DRIVER
DEV-DELL-0167,DRV-INTEL-30B2555CC9,HAS_DRIVER
DEV-DELL-0167,DRV-DELL-A7AB8550CD,HAS_DRIVER
DEV-DELL-0168,DRV-INTEL-C94BBF26AF,HAS_DRIVER
DEV-DELL-0168,DRV-INTEL-C5FED6A54F,HAS_DRIVER
DEV-DELL-0168,DRV-DELL-437F9F91D7,HAS_DRIVER
DEV-LENOVO-0169,DRV-INTEL-87B2F6EC20,HAS_DRIVER
DEV-LENOVO-0169,DRV-INTEL-A0286A6555,HAS_DRIVER
DEV-LENOVO-0169,DRV-LENOVO-4463291A50,HAS_DRIVER
DEV-LENOVO-0170,DRV-INTEL-572E16DE2B,HAS_DRIVER
DEV-LENOVO-0170,DRV-INTEL-5CF8B67595,HAS_DRIVER
DEV-LENOVO-0170,DRV-LENOVO-A2EAB2267C,HAS_DRIVER
DEV-HP-0171,DRV-INTEL-108EDBBA0F,HAS_DRIVER
DEV-HP-0171,DRV-REALTEK-1AF4D3AB8A,HAS_DRIVER
DEV-HP-0171,DRV-HP-FE7069BD54,HAS_DRIVER
DEV-DELL-0172,DRV-BROADCOM-04C7F0B0F5,HAS_DRIVER
DEV-DELL-0172,DRV-INTEL-A0286A6555,HAS_DRIVER
DEV-DELL-0172,DRV-DELL-301AF4CFE3,HAS_DRIVER
DEV-LENOVO-0173,DRV-BROADCOM-6CDDC970CB,HAS_DRIVER
DEV-LENOVO-0173,DRV-BROADCOM-18C76647A3,HAS_DRIVER
DEV-LENOVO-0173,DRV-LENOVO-FD4315CE6E,HAS_DRIVER
DEV-LENOVO-0174,DRV-INTEL-07D41921A9,HAS_DRIVER
DEV-LENOVO-0174,DRV-INTEL-C5FED6A54F,HAS_DRIVER
DEV-LENOVO-0174,DRV-LENOVO-659B62DB33,HAS_DRIVER
DEV-DELL-0175,DRV-REALTEK-9CCAE8693E,HAS_DRIVER
DEV-DELL-0175,DRV-INTEL-87B2F6EC20,HAS_DRIVER
DEV-DELL-0175,DRV-DELL-301AF4CFE3,HAS_DRIVER
DEV-LENOVO-0176,DRV-BROADCOM-79916FDE65,HAS_DRIVER
DEV-LENOVO-0176,DRV-BROADCOM-04C7F0B0F5,HAS_DRIVER
DEV-LENOVO-0176,DRV-LENOVO-21D7F0BAAB,HAS_DRIVER
DEV-HP-0177,DRV-INTEL-3DF58A09B7,HAS_DRIVER
DEV-HP-0177,DRV-INTEL-C5FED6A54F,HAS_DRIVER
DEV-HP-0177,DRV-HP-275087D1B3,HAS_DRIVER
DEV-HP-0177,DRV-INTEL-A0286A6555,HAS_DRIVER
DEV-HP-0178,DRV-BROADCOM-F5431F61D1,HAS_DRIVER
DEV-HP-0178,DRV-BROADCOM-18C76647A3,HAS_DRIVER
DEV-HP-0178,DRV-HP-B05331C613,HAS_DRIVER
DEV-HP-0179,DRV-NVIDIA-F86DF40F00,HAS_DRIVER
DEV-HP-0179,DRV-INTEL-C32F6EC6B7,HAS_DRIVER
DEV-HP-0179,DRV-HP-8F132A5744,HAS_DRIVER
DEV-HP-0179,DRV-INTEL-C32F6EC6B7,HAS_DRIVER
DEV-DELL-0180,DRV-INTEL-6E8818052F,HAS_DRIVER
DEV-DELL-0180,DRV-INTEL-07D41921A9,HAS_DRIVER
DEV-DELL-0180,DRV-DELL-363065213F,HAS_DRIVER
DEV-DELL-0180,DRV-INTEL-87B2F6EC20,HAS_DRIVER
DEV-LENOVO-0181,DRV-INTEL-C5FED6A54F,HAS_DRIVER
DEV-LENOVO-0181,DRV-BROADCOM-04C7F0B0F5,HAS_DRIVER
DEV-LENOVO-0181,DRV-LENOVO-21D7F0BAAB,HAS_DRIVER
DEV-LENOVO-0181,DRV-INTEL-C5FED6A54F,HAS_DRIVER
DEV-DELL-0182,DRV-NVIDIA-F86DF40F00,HAS_DRIVER
DEV-DELL-0182,DRV-BROADCOM-712A2F5A79,HAS_DRIVER
DEV-DELL-0182,DRV-DELL-61F0A64A98,HAS_DRIVER
DEV-LENOVO-0183,DRV-BROADCOM-18C76647A3,HAS_DRIVER
DEV-LENOVO-0183,DRV-INTEL-E2C439A2DB,HAS_DRIVER
DEV-LENOVO-0183,DRV-SYNAPTICS-3F8B672098,HAS_DRIVER
DEV-HP-0184,DRV-BROADCOM-6CDDC970CB,HAS_DRIVER
DEV-HP-0184,DRV-REALTEK-99F9F08AE2,HAS_DRIVER
DEV-HP-0184,DRV-HP-4C3E2F67B1,HAS_DRIVER
DEV-DELL-0185,DRV-NVIDIA-F86DF40F00,HAS_DRIVER
DEV-DELL-0185,DRV-INTEL-A0286A6555,HAS_DRIVER
DEV-DELL-0185,DRV-DELL-301AF4CFE3,HAS_DRIVER
DEV-HP-0186,DRV-NVIDIA-F86DF40F00,HAS_DRIVER
DEV-HP-0186,DRV-INTEL-30B2555CC9,HAS_DRIVER
DEV-HP-0186,DRV-HP-275087D1B3,HAS_DRIVER
DEV-HP-0186,DRV-INTEL-572E16DE2B,HAS_DRIVER
DEV-HP-0187,DRV-INTEL-5CF8B67595,HAS_DRIVER
DEV-HP-0187,DRV-REALTEK-9CCAE8693E,HAS_DRIVER
DEV-HP-0187,DRV-HP-B05331C613,HAS_DRIVER
DEV-DELL-0188,DRV-REALTEK-8B0DBDB0C8,HAS_DRIVER
DEV-DELL-0188,DRV-REALTEK-1AF4D3AB8A,HAS_DRIVER
DEV-DELL-0188,DRV-DELL-363065213F,HAS_DRIVER
DEV-DELL-0189,DRV-BROADCOM-F5431F61D1,HAS_DRIVER
DEV-DELL-0189,DRV-BROADCOM-18C76647A3,HAS_DRIVER
DEV-DELL-0189,DRV-DELL-0572FBDFAB,HAS_DRIVER
DEV-DELL-0189,DRV-BROADCOM-6CDDC970CB,HAS_DRIVER
DEV-DELL-0190,DRV-REALTEK-1AF4D3AB8A,HAS_DRIVER
DEV-DELL-0190,DRV-INTEL-F1BB4322E0,HAS_DRIVER
DEV-DELL-0190,DRV-DELL-437F9F91D7,HAS_DRIVER
DEV-DELL-0191,DRV-INTEL-5CF8B67595,HAS_DRIVER
DEV-DELL-0191,DRV-REALTEK-1AF4D3AB8A,HAS_DRIVER
DEV-DELL-0191,DRV-DELL-363065213F,HAS_DRIVER
DEV-LENOVO-0192,DRV-INTEL-A0286A6555,HAS_DRIVER
DEV-LENOVO-0192,DRV-INTEL-30B2555CC9,HAS_DRIVER
DEV-LENOVO-0192,DRV-LENOVO-FD4315CE6E,HAS_DRIVER
DEV-DELL-0193,DRV-INTEL-6E8818052F,HAS_DRIVER
DEV-DELL-0193,DRV-REALTEK-8B0DBDB0C8,HAS_DRIVER
DEV-DELL-0193,DRV-DELL-61F0A64A98,HAS_DRIVER
DEV-DELL-0193,DRV-INTEL-30B2555CC9,HAS_DRIVER
DEV-DELL-0194,DRV-NVIDIA-F86DF40F00,HAS_DRIVER
DEV-DELL-0194,DRV-INTEL-FE82CD6964,HAS_DRIVER
DEV-DELL-0194,DRV-DELL-437F9F91D7,HAS_DRIVER
DEV-DELL-0194,DRV-INTEL-A0286A6555,HAS_DRIVER
DEV-DELL-0195,DRV-INTEL-108EDBBA0F,HAS_DRIVER
DEV-DELL-0195,DRV-REALTEK-1AF4D3AB8A,HAS_DRIVER
DEV-DELL-0195,DRV-DELL-301AF4CFE3,HAS_DRIVER
DEV-HP-0196,DRV-INTEL-30B2555CC9,HAS_DRIVER
DEV-HP-0196,DRV-INTEL-A1512838B1,HAS_DRIVER
DEV-HP-0196,DRV-HP-8F132A5744,HAS_DRIVER
DEV-DELL-0197,DRV-NVIDIA-F86DF40F00,HAS_DRIVER
DEV-DELL-0197,DRV-INTEL-3DF58A09B7,HAS_DRIVER
DEV-DELL-0197,DRV-DELL-6BBDE36D10,HAS_DRIVER
DEV-HP-0198,DRV-NVIDIA-F86DF40F00,HAS_DRIVER
DEV-HP-0198,DRV-INTEL-30B2555CC9,HAS_DRIVER
DEV-HP-0198,DRV-HP-275087D1B3,HAS_DRIVER
DEV-LENOVO-0199,DRV-NVIDIA-F86DF40F00,HAS_DRIVER
DEV-LENOVO-0199,DRV-NVIDIA-F86DF40F00,HAS_DRIVER
DEV-LENOVO-0199,DRV-SYNAPTICS-670CADE0A0,HAS_DRIVER
DEV-DELL-0200,DRV-NVIDIA-F86DF40F00,HAS_DRIVER
DEV-DELL-0200,DRV-INTEL-3DF58A09B7,HAS_DRIVER
DEV-DELL-0200,DRV-DELL-A7AB8550CD,HAS_DRIVER
DEV-DELL-0201,DRV-INTEL-9440D9D3AB,HAS_DRIVER
DEV-DELL-0201,DRV-NVIDIA-F86DF40F00,HAS_DRIVER
DEV-DELL-0201,DRV-DELL-0572FBDFAB,HAS_DRIVER
DEV-DELL-0201,DRV-INTEL-C5FED6A54F,HAS_DRIVER
DEV-HP-0202,DRV-INTEL-104FE7C895,HAS_DRIVER
DEV-HP-0202,DRV-REALTEK-1AF4D3AB8A,HAS_DRIVER
DEV-HP-0202,DRV-HPE-92328778B4,HAS_DRIVER
DEV-LENOVO-0203,DRV-INTEL-30B2555CC9,HAS_DRIVER
DEV-LENOVO-0203,DRV-INTEL-87B2F6EC20,HAS_DRIVER
DEV-LENOVO-0203,DRV-LENOVO-21D7F0BAAB,HAS_DRIVER
DEV-LENOVO-0203,DRV-INTEL-C5FED6A54F,HAS_DRIVER
DEV-LENOVO-0204,DRV-BROADCOM-976E9A1969,HAS_DRIVER
DEV-LENOVO-0204,DRV-NVIDIA-F86DF40F00,HAS_DRIVER
DEV-LENOVO-0204,DRV-LENOVO-FD4315CE6E,HAS_DRIVER
DEV-DELL-0205,DRV-INTEL-FE82CD6964,HAS_DRIVER
DEV-DELL-0205,DRV-INTEL-8102BEA24F,HAS_DRIVER
DEV-DELL-0205,DRV-DELL-49284F1994,HAS_DRIVER
DEV-DELL-0206,DRV-REALTEK-1AF4D3AB8A,HAS_DRIVER
DEV-DELL-0206,DRV-INTEL-572E16DE2B,HAS_DRIVER
DEV-DELL-0206,DRV-DELL-437F9F91D7,HAS_DRIVER
DEV-DELL-0207,DRV-NVIDIA-F86DF40F00,HAS_DRIVER
DEV-DELL-0207,DRV-INTEL-E87ACAFE4E,HAS_DRIVER
DEV-DELL-0207,DRV-DELL-61F0A64A98,HAS_DRIVER
DEV-DELL-0207,DRV-BROADCOM-6CDDC970CB,HAS_DRIVER
DEV-LENOVO-0208,DRV-BROADCOM-976E9A1969,HAS_DRIVER
DEV-LENOVO-0208,DRV-INTEL-C5FED6A54F,HAS_DRIVER
DEV-LENOVO-0208,DRV-LENOVO-341C1F1332,HAS_DRIVER
DEV-DELL-0209,DRV-BROADCOM-712A2F5A79,HAS_DRIVER
DEV-DELL-0209,DRV-REALTEK-99F9F08AE2,HAS_DRIVER
DEV-DELL-0209,DRV-DELL-6EAF2612B0,HAS_DRIVER
DEV-DELL-0210,DRV-BROADCOM-EEAEEEBCEC,HAS_DRIVER
DEV-DELL-0210,DRV-BROADCOM-F5431F61D1,HAS_DRIVER
DEV-DELL-0210,DRV-DELL-E634B5C54D,HAS_DRIVER
DEV-DELL-0210,DRV-BROADCOM-04C7F0B0F5,HAS_DRIVER
DEV-DELL-0211,DRV-REALTEK-99F9F08AE2,HAS_DRIVER
DEV-DELL-0211,DRV-BROADCOM-712A2F5A79,HAS_DRIVER
DEV-DELL-0211,DRV-DELL-0572FBDFAB,HAS_DRIVER
DEV-LENOVO-0212,DRV-INTEL-5CF8B67595,HAS_DRIVER
DEV-LENOVO-0212,DRV-INTEL-07D41921A9,HAS_DRIVER
DEV-LENOVO-0212,DRV-LENOVO-21D7F0BAAB,HAS_DRIVER
DEV-LENOVO-0212,DRV-INTEL-3DF58A09B7,HAS_DRIVER
DEV-LENOVO-0213,DRV-INTEL-108EDBBA0F,HAS_DRIVER
DEV-LENOVO-0213,DRV-INTEL-F809C78978,HAS_DRIVER
DEV-LENOVO-0213,DRV-LENOVO-FD4315CE6E,HAS_DRIVER
DEV-DELL-0214,DRV-INTEL-6E8818052F,HAS_DRIVER
DEV-DELL-0214,DRV-INTEL-6E8818052F,HAS_DRIVER
DEV-DELL-0214,DRV-DELL-61F0A64A98,HAS_DRIVER
DEV-DELL-0214,DRV-INTEL-3DF58A09B7,HAS_DRIVER
DEV-DELL-0215,DRV-NVIDIA-F86DF40F00,HAS_DRIVER
DEV-DELL-0215,DRV-INTEL-6E8818052F,HAS_DRIVER
DEV-DELL-0215,DRV-DELL-6BBDE36D10,HAS_DRIVER
DEV-DELL-0215,DRV-BROADCOM-712A2F5A79,HAS_DRIVER
DEV-HP-0216,DRV-INTEL-A0286A6555,HAS_DRIVER
DEV-HP-0216,DRV-INTEL-F1BB4322E0,HAS_DRIVER
DEV-HP-0216,DRV-HP-3298769181,HAS_DRIVER
DEV-HP-0216,DRV-BROADCOM-712A2F5A79,HAS_DRIVER
DEV-HP-0217,DRV-INTEL-108EDBBA0F,HAS_DRIVER
DEV-HP-0217,DRV-INTEL-A0286A6555,HAS_DRIVER
DEV-HP-0217,DRV-HP-FE7069BD54,HAS_DRIVER
DEV-DELL-0218,DRV-INTEL-C32F6EC6B7,HAS_DRIVER
DEV-DELL-0218,DRV-BROADCOM-EEAEEEBCEC,HAS_DRIVER
DEV-DELL-0218,DRV-DELL-0572FBDFAB,HAS_DRIVER
DEV-DELL-0219,DRV-INTEL-DA709DA80D,HAS_DRIVER
DEV-DELL-0219,DRV-INTEL-A1512838B1,HAS_DRIVER
DEV-DELL-0219,DRV-DELL-A7AB8550CD,HAS_DRIVER
DEV-LENOVO-0220,DRV-INTEL-6E8818052F,HAS_DRIVER
DEV-LENOVO-0220,DRV-INTEL-E2C439A2DB,HAS_DRIVER
DEV-LENOVO-0220,DRV-LENOVO-341C1F1332,HAS_DRIVER
DEV-LENOVO-0220,DRV-INTEL-572E16DE2B,HAS_DRIVER
DEV-HP-0221,DRV-INTEL-30B2555CC9,HAS_DRIVER
DEV-HP-0221,DRV-INTEL-6E8818052F,HAS_DRIVER
DEV-HP-0221,DRV-HPE-92328778B4,HAS_DRIVER
DEV-HP-0222,DRV-REALTEK-8B0DBDB0C8,HAS_DRIVER
DEV-HP-0222,DRV-INTEL-6E8818052F,HAS_DRIVER
DEV-HP-0222,DRV-HP-275087D1B3,HAS_DRIVER
DEV-DELL-0223,DRV-BROADCOM-18C76647A3,HAS_DRIVER
DEV-DELL-0223,DRV-BROADCOM-EEAEEEBCEC,HAS_DRIVER
DEV-DELL-0223,DRV-DELL-A7AB8550CD,HAS_DRIVER
DEV-DELL-0223,DRV-INTEL-104FE7C895,HAS_DRIVER
DEV-DELL-0224,DRV-BROADCOM-79916FDE65,HAS_DRIVER
DEV-DELL-0224,DRV-NVIDIA-F86DF40F00,HAS_DRIVER
DEV-DELL-0224,DRV-DELL-49284F1994,HAS_DRIVER
DEV-LENOVO-0225,DRV-REALTEK-1AF4D3AB8A,HAS_DRIVER
DEV-LENOVO-0225,DRV-NVIDIA-F86DF40F00,HAS_DRIVER
DEV-LENOVO-0225,DRV-LENOVO-21D7F0BAAB,HAS_DRIVER
DEV-HP-0226,DRV-REALTEK-8B0DBDB0C8,HAS_DRIVER
DEV-HP-0226,DRV-INTEL-5CF8B67595,HAS_DRIVER
DEV-HP-0226,DRV-HP-3298769181,HAS_DRIVER
DEV-HP-0227,DRV-INTEL-E2C439A2DB,HAS_DRIVER
DEV-HP-0227,DRV-BROADCOM-712A2F5A79,HAS_DRIVER
DEV-HP-0227,DRV-HPE-CB2FAB501A,HAS_DRIVER
DEV-DELL-0228,DRV-REALTEK-8B0DBDB0C8,HAS_DRIVER
DEV-DELL-0228,DRV-NVIDIA-F86DF40F00,HAS_DRIVER
DEV-DELL-0228,DRV-DELL-0572FBDFAB,HAS_DRIVER
DEV-HP-0229,DRV-INTEL-A04A45BB07,HAS_DRIVER
DEV-HP-0229,DRV-INTEL-DA709DA80D,HAS_DRIVER
DEV-HP-0229,DRV-HP-446583B7B7,HAS_DRIVER
DEV-DELL-0230,DRV-BROADCOM-6CDDC970CB,HAS_DRIVER
DEV-DELL-0230,DRV-INTEL-A1512838B1,HAS_DRIVER
DEV-DELL-0230,DRV-DELL-437F9F91D7,HAS_DRIVER
DEV-HP-0231,DRV-BROADCOM-976E9A1969,HAS_DRIVER
DEV-HP-0231,DRV-INTEL-3DF58A09B7,HAS_DRIVER
DEV-HP-0231,DRV-HP-B05331C613,HAS_DRIVER
DEV-DELL-0232,DRV-REALTEK-99F9F08AE2,HAS_DRIVER
DEV-DELL-0232,DRV-INTEL-572E16DE2B,HAS_DRIVER
DEV-DELL-0232,DRV-DELL-61F0A64A98,HAS_DRIVER
DEV-LENOVO-0233,DRV-BROADCOM-04C7F0B0F5,HAS_DRIVER
DEV-LENOVO-0233,DRV-INTEL-F1BB4322E0,HAS_DRIVER
DEV-LENOVO-0233,DRV-SYNAPTICS-670CADE0A0,HAS_DRIVER
DEV-DELL-0234,DRV-REALTEK-9CCAE8693E,HAS_DRIVER
DEV-DELL-0234,DRV-INTEL-07D41921A9,HAS_DRIVER
DEV-DELL-0234,DRV-DELL-A8B18FE647,HAS_DRIVER
DEV-HP-0235,DRV-BROADCOM-79916FDE65,HAS_DRIVER
DEV-HP-0235,DRV-INTEL-8102BEA24F,HAS_DRIVER
DEV-HP-0235,DRV-HP-B05331C613,HAS_DRIVER
DEV-DELL-0236,DRV-INTEL-108EDBBA0F,HAS_DRIVER
DEV-DELL-0236,DRV-BROADCOM-976E9A1969,HAS_DRIVER
DEV-DELL-0236,DRV-DELL-363065213F,HAS_DRIVER
DEV-HP-0237,DRV-INTEL-108EDBBA0F,HAS_DRIVER
DEV-HP-0237,DRV-BROADCOM-976E9A1969,HAS_DRIVER
DEV-HP-0237,DRV-HP-446583B7B7,HAS_DRIVER
DEV-HP-0237,DRV-INTEL-9440D9D3AB,HAS_DRIVER
DEV-DELL-0238,DRV-REALTEK-8B0DBDB0C8,HAS_DRIVER
DEV-DELL-0238,DRV-INTEL-5CF8B67595,HAS_DRIVER
DEV-DELL-0238,DRV-DELL-E634B5C54D,HAS_DRIVER
DEV-DELL-0239,DRV-REALTEK-8B0DBDB0C8,HAS_DRIVER
DEV-DELL-0239,DRV-INTEL-92948EDB19,HAS_DRIVER
DEV-DELL-0239,DRV-DELL-A7AB8550CD,HAS_DRIVER
DEV-HP-0240,DRV-INTEL-87B2F6EC20,HAS_DRIVER
DEV-HP-0240,DRV-REALTEK-99F9F08AE2,HAS_DRIVER
DEV-HP-0240,DRV-HP-275087D1B3,HAS_DRIVER
DEV-LENOVO-0241,DRV-NVIDIA-F86DF40F00,HAS_DRIVER
DEV-LENOVO-0241,DRV-INTEL-108EDBBA0F,HAS_DRIVER
DEV-LENOVO-0241,DRV-SYNAPTICS-6FADD1FBCA,HAS_DRIVER
DEV-DELL-0242,DRV-INTEL-C5FED6A54F,HAS_DRIVER
DEV-DELL-0242,DRV-INTEL-A1512838B1,HAS_DRIVER
DEV-DELL-0242,DRV-DELL-6EAF2612B0,HAS_DRIVER
DEV-HP-0243,DRV-INTEL-C5FED6A54F,HAS_DRIVER
DEV-HP-0243,DRV-NVIDIA-F86DF40F00,HAS_DRIVER
DEV-HP-0243,DRV-HPE-586A4F3E69,HAS_DRIVER
DEV-HP-0243,DRV-INTEL-9440D9D3AB,HAS_DRIVER
DEV-LENOVO-0244,DRV-INTEL-5CF8B67595,HAS_DRIVER
DEV-LENOVO-0244,DRV-INTEL-A0286A6555,HAS_DRIVER
DEV-LENOVO-0244,DRV-LENOVO-341C1F1332,HAS_DRIVER
DEV-LENOVO-0244,DRV-INTEL-F809C78978,HAS_DRIVER
DEV-DELL-0245,DRV-INTEL-8102BEA24F,HAS_DRIVER
DEV-DELL-0245,DRV-INTEL-5CF8B67595,HAS_DRIVER
DEV-DELL-0245,DRV-DELL-437F9F91D7,HAS_DRIVER
DEV-DELL-0245,DRV-BROADCOM-18C76647A3,HAS_DRIVER
DEV-DELL-0246,DRV-INTEL-F809C78978,HAS_DRIVER
DEV-DELL-0246,DRV-BROADCOM-6CDDC970CB,HAS_DRIVER
DEV-DELL-0246,DRV-DELL-49284F1994,HAS_DRIVER
DEV-LENOVO-0247,DRV-BROADCOM-F5431F61D1,HAS_DRIVER
DEV-LENOVO-0247,DRV-BROADCOM-EEAEEEBCEC,HAS_DRIVER
DEV-LENOVO-0247,DRV-SYNAPTICS-3F8B672098,HAS_DRIVER
DEV-HP-0248,DRV-BROADCOM-712A2F5A79,HAS_DRIVER
DEV-HP-0248,DRV-BROADCOM-18C76647A3,HAS_DRIVER
DEV-HP-0248,DRV-HP-3298769181,HAS_DRIVER
DEV-DELL-0249,DRV-NVIDIA-F86DF40F00,HAS_DRIVER
DEV-DELL-0249,DRV-REALTEK-9CCAE8693E,HAS_DRIVER
DEV-DELL-0249,DRV-DELL-301AF4CFE3,HAS_DRIVER
DEV-DELL-0250,DRV-INTEL-5CF8B67595,HAS_DRIVER
DEV-DELL-0250,DRV-INTEL-A04A45BB07,HAS_DRIVER
DEV-DELL-0250,DRV-DELL-437F9F91D7,HAS_DRIVER
DEV-DELL-0251,DRV-REALTEK-8B0DBDB0C8,HAS_DRIVER
DEV-DELL-0251,DRV-NVIDIA-F86DF40F00,HAS_DRIVER
DEV-DELL-0251,DRV-DELL-6EAF2612B0,HAS_DRIVER
DEV-DELL-0251,DRV-BROADCOM-976E9A1969,HAS_DRIVER
DEV-DELL-0252,DRV-INTEL-108EDBBA0F,HAS_DRIVER
DEV-DELL-0252,DRV-INTEL-30B2555CC9,HAS_DRIVER
DEV-DELL-0252,DRV-DELL-301AF4CFE3,HAS_DRIVER
DEV-DELL-0252,DRV-INTEL-F809C78978,HAS_DRIVER
DEV-LENOVO-0253,DRV-INTEL-8102BEA24F,HAS_DRIVER
DEV-LENOVO-0253,DRV-REALTEK-9CCAE8693E,HAS_DRIVER
DEV-LENOVO-0253,DRV-LENOVO-341C1F1332,HAS_DRIVER
DEV-DELL-0254,DRV-BROADCOM-79916FDE65,HAS_DRIVER
DEV-DELL-0254,DRV-NVIDIA-F86DF40F00,HAS_DRIVER
DEV-DELL-0254,DRV-DELL-6BBDE36D10,HAS_DRIVER
DEV-DELL-0255,DRV-INTEL-C94BBF26AF,HAS_DRIVER
DEV-DELL-0255,DRV-INTEL-108EDBBA0F,HAS_DRIVER
DEV-DELL-0255,DRV-DELL-A7AB8550CD,HAS_DRIVER
DEV-DELL-0255,DRV-INTEL-C32F6EC6B7,HAS_DRIVER
DEV-LENOVO-0256,DRV-INTEL-A1512838B1,HAS_DRIVER
DEV-LENOVO-0256,DRV-INTEL-E87ACAFE4E,HAS_DRIVER
DEV-LENOVO-0256,DRV-LENOVO-A1E23AB856,HAS_DRIVER
DEV-DELL-0257,DRV-INTEL-F1BB4322E0,HAS_DRIVER
DEV-DELL-0257,DRV-INTEL-108EDBBA0F,HAS_DRIVER
DEV-DELL-0257,DRV-DELL-61F0A64A98,HAS_DRIVER
DEV-DELL-0257,DRV-INTEL-5CF8B67595,HAS_DRIVER
DEV-LENOVO-0258,DRV-INTEL-C32F6EC6B7,HAS_DRIVER
DEV-LENOVO-0258,DRV-BROADCOM-79916FDE65,HAS_DRIVER
DEV-LENOVO-0258,DRV-SYNAPTICS-670CADE0A0,HAS_DRIVER
DEV-LENOVO-0258,DRV-INTEL-C32F6EC6B7,HAS_DRIVER
DEV-DELL-0259,DRV-INTEL-8102BEA24F,HAS_DRIVER
DEV-DELL-0259,DRV-REALTEK-1AF4D3AB8A,HAS_DRIVER
DEV-DELL-0259,DRV-DELL-301AF4CFE3,HAS_DRIVER
DEV-HP-0260,DRV-INTEL-3DF58A09B7,HAS_DRIVER
DEV-HP-0260,DRV-INTEL-DA709DA80D,HAS_DRIVER
DEV-HP-0260,DRV-HP-8F132A5744,HAS_DRIVER
DEV-HP-0261,DRV-INTEL-C94BBF26AF,HAS_DRIVER
DEV-HP-0261,DRV-BROADCOM-6CDDC970CB,HAS_DRIVER
DEV-HP-0261,DRV-HP-8F132A5744,HAS_DRIVER
DEV-HP-0261,DRV-BROADCOM-18C76647A3,HAS_DRIVER
DEV-DELL-0262,DRV-INTEL-92948EDB19,HAS_DRIVER
DEV-DELL-0262,DRV-INTEL-8102BEA24F,HAS_DRIVER
DEV-DELL-0262,DRV-DELL-49284F1994,HAS_DRIVER
DEV-DELL-0263,DRV-REALTEK-99F9F08AE2,HAS_DRIVER
DEV-DELL-0263,DRV-INTEL-9440D9D3AB,HAS_DRIVER
DEV-DELL-0263,DRV-DELL-674B2D3BF5,HAS_DRIVER
DEV-DELL-0263,DRV-BROADCOM-EEAEEEBCEC,HAS_DRIVER
DEV-HP-0264,DRV-INTEL-E87ACAFE4E,HAS_DRIVER
DEV-HP-0264,DRV-INTEL-E2C439A2DB,HAS_DRIVER
DEV-HP-0264,DRV-HP-275087D1B3,HAS_DRIVER
DEV-LENOVO-0265,DRV-INTEL-F1BB4322E0,HAS_DRIVER
DEV-LENOVO-0265,DRV-BROADCOM-976E9A1969,HAS_DRIVER
DEV-LENOVO-0265,DRV-SYNAPTICS-670CADE0A0,HAS_DRIVER
DEV-LENOVO-0265,DRV-BROADCOM-712A2F5A79,HAS_DRIVER
DEV-HP-0266,DRV-NVIDIA-F86DF40F00,HAS_DRIVER
DEV-HP-0266,DRV-INTEL-C32F6EC6B7,HAS_DRIVER
DEV-HP-0266,DRV-HP-446583B7B7,HAS_DRIVER
DEV-DELL-0267,DRV-INTEL-C94BBF26AF,HAS_DRIVER
DEV-DELL-0267,DRV-INTEL-5CF8B67595,HAS_DRIVER
DEV-DELL-0267,DRV-DELL-301AF4CFE3,HAS_DRIVER
DEV-HP-0268,DRV-INTEL-E87ACAFE4E,HAS_DRIVER
DEV-HP-0268,DRV-NVIDIA-F86DF40F00,HAS_DRIVER
DEV-HP-0268,DRV-HP-4C3E2F67B1,HAS_DRIVER
DEV-HP-0268,DRV-BROADCOM-79916FDE65,HAS_DRIVER
DEV-LENOVO-0269,DRV-BROADCOM-EEAEEEBCEC,HAS_DRIVER
DEV-LENOVO-0269,DRV-INTEL-C5FED6A54F,HAS_DRIVER
DEV-LENOVO-0269,DRV-LENOVO-A2EAB2267C,HAS_DRIVER
DEV-DELL-0270,DRV-INTEL-C5FED6A54F,HAS_DRIVER
DEV-DELL-0270,DRV-INTEL-5CF8B67595,HAS_DRIVER
DEV-DELL-0270,DRV-DELL-0572FBDFAB,HAS_DRIVER
DEV-DELL-0271,DRV-INTEL-A1512838B1,HAS_DRIVER
DEV-DELL-0271,DRV-INTEL-FE82CD6964,HAS_DRIVER
DEV-DELL-0271,DRV-DELL-301AF4CFE3,HAS_DRIVER
DEV-DELL-0271,DRV-INTEL-C5FED6A54F,HAS_DRIVER
DEV-DELL-0272,DRV-INTEL-8102BEA24F,HAS_DRIVER
DEV-DELL-0272,DRV-INTEL-3DF58A09B7,HAS_DRIVER
DEV-DELL-0272,DRV-DELL-E634B5C54D,HAS_DRIVER
DEV-LENOVO-0273,DRV-INTEL-F1BB4322E0,HAS_DRIVER
DEV-LENOVO-0273,DRV-INTEL-9440D9D3AB,HAS_DRIVER
DEV-LENOVO-0273,DRV-LENOVO-341C1F1332,HAS_DRIVER
DEV-LENOVO-0274,DRV-INTEL-F809C78978,HAS_DRIVER
DEV-LENOVO-0274,DRV-INTEL-C94BBF26AF,HAS_DRIVER
DEV-LENOVO-0274,DRV-LENOVO-659B62DB33,HAS_DRIVER
DEV-LENOVO-0274,DRV-BROADCOM-F5431F61D1,HAS_DRIVER
DEV-HP-0275,DRV-NVIDIA-F86DF40F00,HAS_DRIVER
DEV-HP-0275,DRV-INTEL-A1512838B1,HAS_DRIVER
DEV-HP-0275,DRV-HPE-92328778B4,HAS_DRIVER
DEV-DELL-0276,DRV-REALTEK-1AF4D3AB8A,HAS_DRIVER
DEV-DELL-0276,DRV-INTEL-A04A45BB07,HAS_DRIVER
DEV-DELL-0276,DRV-DELL-437F9F91D7,HAS_DRIVER
DEV-HP-0277,DRV-REALTEK-9CCAE8693E,HAS_DRIVER
DEV-HP-0277,DRV-NVIDIA-F86DF40F00,HAS_DRIVER
DEV-HP-0277,DRV-HPE-92328778B4,HAS_DRIVER
DEV-HP-0277,DRV-INTEL-5CF8B67595,HAS_DRIVER
DEV-DELL-0278,DRV-INTEL-30B2555CC9,HAS_DRIVER
DEV-DELL-0278,DRV-INTEL-A04A45BB07,HAS_DRIVER
DEV-DELL-0278,DRV-DELL-301AF4CFE3,HAS_DRIVER
DEV-LENOVO-0279,DRV-NVIDIA-F86DF40F00,HAS_DRIVER
DEV-LENOVO-0279,DRV-REALTEK-1AF4D3AB8A,HAS_DRIVER
DEV-LENOVO-0279,DRV-LENOVO-21D7F0BAAB,HAS_DRIVER
DEV-HP-0280,DRV-BROADCOM-18C76647A3,HAS_DRIVER
DEV-HP-0280,DRV-NVIDIA-F86DF40F00,HAS_DRIVER
DEV-HP-0280,DRV-HP-4C3E2F67B1,HAS_DRIVER
DEV-DELL-0281,DRV-NVIDIA-F86DF40F00,HAS_DRIVER
DEV-DELL-0281,DRV-INTEL-C32F6EC6B7,HAS_DRIVER
DEV-DELL-0281,DRV-DELL-437F9F91D7,HAS_DRIVER
DEV-LENOVO-0282,DRV-INTEL-DA709DA80D,HAS_DRIVER
DEV-LENOVO-0282,DRV-INTEL-9440D9D3AB,HAS_DRIVER
DEV-LENOVO-0282,DRV-LENOVO-B80A839034,HAS_DRIVER
DEV-LENOVO-0283,DRV-INTEL-5CF8B67595,HAS_DRIVER
DEV-LENOVO-0283,DRV-BROADCOM-79916FDE65,HAS_DRIVER
DEV-LENOVO-0283,DRV-LENOVO-21D7F0BAAB,HAS_DRIVER
DEV-LENOVO-0283,DRV-INTEL-572E16DE2B,HAS_DRIVER
DEV-LENOVO-0284,DRV-NVIDIA-F86DF40F00,HAS_DRIVER
DEV-LENOVO-0284,DRV-BROADCOM-79916FDE65,HAS_DRIVER
DEV-LENOVO-0284,DRV-LENOVO-659B62DB33,HAS_DRIVER
DEV-LENOVO-0285,DRV-REALTEK-9CCAE8693E,HAS_DRIVER
DEV-LENOVO-0285,DRV-INTEL-9440D9D3AB,HAS_DRIVER
DEV-LENOVO-0285,DRV-SYNAPTICS-3F8B672098,HAS_DRIVER
DEV-LENOVO-0285,DRV-INTEL-5CF8B67595,HAS_DRIVER
DEV-DELL-0286,DRV-INTEL-A1512838B1,HAS_DRIVER
DEV-DELL-0286,DRV-INTEL-5CF8B67595,HAS_DRIVER
DEV-DELL-0286,DRV-DELL-0572FBDFAB,HAS_DRIVER
DEV-DELL-0287,DRV-INTEL-A04A45BB07,HAS_DRIVER
DEV-DELL-0287,DRV-BROADCOM-F5431F61D1,HAS_DRIVER
DEV-DELL-0287,DRV-DELL-674B2D3BF5,HAS_DRIVER
DEV-DELL-0288,DRV-BROADCOM-976E9A1969,HAS_DRIVER
DEV-DELL-0288,DRV-BROADCOM-6CDDC970CB,HAS_DRIVER
DEV-DELL-0288,DRV-DELL-49284F1994,HAS_DRIVER
DEV-DELL-0289,DRV-INTEL-3DF58A09B7,HAS_DRIVER
DEV-DELL-0289,DRV-INTEL-5CF8B67595,HAS_DRIVER
DEV-DELL-0289,DRV-DELL-674B2D3BF5,HAS_DRIVER
DEV-LENOVO-0290,DRV-INTEL-572E16DE2B,HAS_DRIVER
DEV-LENOVO-0290,DRV-NVIDIA-F86DF40F00,HAS_DRIVER
DEV-LENOVO-0290,DRV-SYNAPTICS-670CADE0A0,HAS_DRIVER
DEV-LENOVO-0291,DRV-NVIDIA-F86DF40F00,HAS_DRIVER
DEV-LENOVO-0291,DRV-INTEL-E2C439A2DB,HAS_DRIVER
DEV-LENOVO-0291,DRV-LENOVO-659B62DB33,HAS_DRIVER
DEV-LENOVO-0292,DRV-INTEL-5CF8B67595,HAS_DRIVER
DEV-LENOVO-0292,DRV-REALTEK-9CCAE8693E,HAS_DRIVER
DEV-LENOVO-0292,DRV-LENOVO-341C1F1332,HAS_DRIVER
DEV-HP-0293,DRV-BROADCOM-EEAEEEBCEC,HAS_DRIVER
DEV-HP-0293,DRV-INTEL-A0286A6555,HAS_DRIVER
DEV-HP-0293,DRV-HP-3298769181,HAS_DRIVER
DEV-DELL-0294,DRV-INTEL-C94BBF26AF,HAS_DRIVER
DEV-DELL-0294,DRV-INTEL-C94BBF26AF,HAS_DRIVER
DEV-DELL-0294,DRV-DELL-6EAF2612B0,HAS_DRIVER
DEV-HP-0295,DRV-INTEL-DA709DA80D,HAS_DRIVER
DEV-HP-0295,DRV-BROADCOM-EEAEEEBCEC,HAS_DRIVER
DEV-HP-0295,DRV-HP-8F132A5744,HAS_DRIVER
DEV-HP-0296,DRV-INTEL-A04A45BB07,HAS_DRIVER
DEV-HP-0296,DRV-NVIDIA-F86DF40F00,HAS_DRIVER
DEV-HP-0296,DRV-HPE-586A4F3E69,HAS_DRIVER
DEV-DELL-0297,DRV-REALTEK-99F9F08AE2,HAS_DRIVER
DEV-DELL-0297,DRV-BROADCOM-04C7F0B0F5,HAS_DRIVER
DEV-DELL-0297,DRV-DELL-363065213F,HAS_DRIVER
DEV-LENOVO-0298,DRV-BROADCOM-EEAEEEBCEC,HAS_DRIVER
DEV-LENOVO-0298,DRV-BROADCOM-79916FDE65,HAS_DRIVER
DEV-LENOVO-0298,DRV-SYNAPTICS-0579A26944,HAS_DRIVER
DEV-LENOVO-0299,DRV-INTEL-92948EDB19,HAS_DRIVER
DEV-LENOVO-0299,DRV-INTEL-3DF58A09B7,HAS_DRIVER
DEV-LENOVO-0299,DRV-LENOVO-341C1F1332,HAS_DRIVER
DEV-HP-0300,DRV-NVIDIA-F86DF40F00,HAS_DRIVER
DEV-HP-0300,DRV-BROADCOM-18C76647A3,HAS_DRIVER
DEV-HP-0300,DRV-HP-446583B7B7,HAS_DRIVER
DEV-HP-0300,DRV-INTEL-87B2F6EC20,HAS_DRIVER
DEV-DELL-0301,DRV-REALTEK-99F9F08AE2,HAS_DRIVER
DEV-DELL-0301,DRV-INTEL-F809C78978,HAS_DRIVER
DEV-DELL-0301,DRV-DELL-49284F1994,HAS_DRIVER
DEV-HP-0302,DRV-NVIDIA-F86DF40F00,HAS_DRIVER
DEV-HP-0302,DRV-INTEL-8102BEA24F,HAS_DRIVER
DEV-HP-0302,DRV-HPE-D1072DE67D,HAS_DRIVER
DEV-DELL-0303,DRV-BROADCOM-712A2F5A79,HAS_DRIVER
DEV-DELL-0303,DRV-INTEL-9440D9D3AB,HAS_DRIVER
DEV-DELL-0303,DRV-DELL-A8B18FE647,HAS_DRIVER
DEV-HP-0304,DRV-INTEL-07D41921A9,HAS_DRIVER
DEV-HP-0304,DRV-INTEL-E87ACAFE4E,HAS_DRIVER
DEV-HP-0304,DRV-HP-B05331C613,HAS_DRIVER
DEV-HP-0304,DRV-BROADCOM-6CDDC970CB,HAS_DRIVER
DEV-HP-0305,DRV-NVIDIA-F86DF40F00,HAS_DRIVER
DEV-HP-0305,DRV-BROADCOM-6CDDC970CB,HAS_DRIVER
DEV-HP-0305,DRV-HP-8F132A5744,HAS_DRIVER
DEV-LENOVO-0306,DRV-INTEL-5CF8B67595,HAS_DRIVER
DEV-LENOVO-0306,DRV-INTEL-A0286A6555,HAS_DRIVER
DEV-LENOVO-0306,DRV-LENOVO-A2EAB2267C,HAS_DRIVER
DEV-LENOVO-0307,DRV-INTEL-92948EDB19,HAS_DRIVER
DEV-LENOVO-0307,DRV-INTEL-FE82CD6964,HAS_DRIVER
DEV-LENOVO-0307,DRV-LENOVO-4463291A50,HAS_DRIVER
DEV-LENOVO-0308,DRV-INTEL-5CF8B67595,HAS_DRIVER
DEV-LENOVO-0308,DRV-REALTEK-9CCAE8693E,HAS_DRIVER
DEV-LENOVO-0308,DRV-SYNAPTICS-0579A26944,HAS_DRIVER
DEV-HP-0309,DRV-BROADCOM-976E9A1969,HAS_DRIVER
DEV-HP-0309,DRV-INTEL-92948EDB19,HAS_DRIVER
DEV-HP-0309,DRV-HP-B05331C613,HAS_DRIVER
DEV-HP-0309,DRV-BROADCOM-18C76647A3,HAS_DRIVER
DEV-HP-0310,DRV-INTEL-8102BEA24F,HAS_DRIVER
DEV-HP-0310,DRV-INTEL-FE82CD6964,HAS_DRIVER
DEV-HP-0310,DRV-HPE-92328778B4,HAS_DRIVER
DEV-DELL-0311,DRV-INTEL-9440D9D3AB,HAS_DRIVER
DEV-DELL-0311,DRV-INTEL-F809C78978,HAS_DRIVER
DEV-DELL-0311,DRV-DELL-674B2D3BF5,HAS_DRIVER
DEV-HP-0312,DRV-BROADCOM-712A2F5A79,HAS_DRIVER
DEV-HP-0312,DRV-NVIDIA-F86DF40F00,HAS_DRIVER
DEV-HP-0312,DRV-HP-EA822B7312,HAS_DRIVER
DEV-HP-0313,DRV-BROADCOM-976E9A1969,HAS_DRIVER
DEV-HP-0313,DRV-INTEL-C94BBF26AF,HAS_DRIVER
DEV-HP-0313,DRV-HP-446583B7B7,HAS_DRIVER
DEV-DELL-0314,DRV-REALTEK-99F9F08AE2,HAS_DRIVER
DEV-DELL-0314,DRV-NVIDIA-F86DF40F00,HAS_DRIVER
DEV-DELL-0314,DRV-DELL-49284F1994,HAS_DRIVER
DEV-HP-0315,DRV-INTEL-30B2555CC9,HAS_DRIVER
DEV-HP-0315,DRV-INTEL-F809C78978,HAS_DRIVER
DEV-HP-0315,DRV-HP-FE7069BD54,HAS_DRIVER
DEV-DELL-0316,DRV-BROADCOM-976E9A1969,HAS_DRIVER
DEV-DELL-0316,DRV-INTEL-5CF8B67595,HAS_DRIVER
DEV-DELL-0316,DRV-DELL-6BBDE36D10,HAS_DRIVER
DEV-LENOVO-0317,DRV-INTEL-F809C78978,HAS_DRIVER
DEV-LENOVO-0317,DRV-INTEL-6E8818052F,HAS_DRIVER
DEV-LENOVO-0317,DRV-LENOVO-21D7F0BAAB,HAS_DRIVER
DEV-HP-0318,DRV-REALTEK-9CCAE8693E,HAS_DRIVER
DEV-HP-0318,DRV-REALTEK-1AF4D3AB8A,HAS_DRIVER
DEV-HP-0318,DRV-HPE-586A4F3E69,HAS_DRIVER
DEV-LENOVO-0319,DRV-NVIDIA-F86DF40F00,HAS_DRIVER
DEV-LENOVO-0319,DRV-INTEL-572E16DE2B,HAS_DRIVER
DEV-LENOVO-0319,DRV-LENOVO-A2EAB2267C,HAS_DRIVER
DEV-LENOVO-0319,DRV-INTEL-572E16DE2B,HAS_DRIVER
DEV-DELL-0320,DRV-INTEL-E87ACAFE4E,HAS_DRIVER
DEV-DELL-0320,DRV-NVIDIA-F86DF40F00,HAS_DRIVER
DEV-DELL-0320,DRV-DELL-6EAF2612B0,HAS_DRIVER
DEV-LENOVO-0321,DRV-INTEL-104FE7C895,HAS_DRIVER
DEV-LENOVO-0321,DRV-INTEL-6E8818052F,HAS_DRIVER
DEV-LENOVO-0321,DRV-LENOVO-659B62DB33,HAS_DRIVER
DEV-LENOVO-0322,DRV-BROADCOM-EEAEEEBCEC,HAS_DRIVER
DEV-LENOVO-0322,DRV-INTEL-9440D9D3AB,HAS_DRIVER
DEV-LENOVO-0322,DRV-LENOVO-659B62DB33,HAS_DRIVER
DEV-HP-0323,DRV-INTEL-F1BB4322E0,HAS_DRIVER
DEV-HP-0323,DRV-NVIDIA-F86DF40F00,HAS_DRIVER
DEV-HP-0323,DRV-HP-3298769181,HAS_DRIVER
DEV-DELL-0324,DRV-INTEL-A1512838B1,HAS_DRIVER
DEV-DELL-0324,DRV-NVIDIA-F86DF40F00,HAS_DRIVER
DEV-DELL-0324,DRV-DELL-61F0A64A98,HAS_DRIVER
DEV-LENOVO-0325,DRV-INTEL-108EDBBA0F,HAS_DRIVER
DEV-LENOVO-0325,DRV-REALTEK-8B0DBDB0C8,HAS_DRIVER
DEV-LENOVO-0325,DRV-LENOVO-A2EAB2267C,HAS_DRIVER
DEV-LENOVO-0325,DRV-INTEL-104FE7C895,HAS_DRIVER
DEV-DELL-0326,DRV-BROADCOM-04C7F0B0F5,HAS_DRIVER
DEV-DELL-0326,DRV-REALTEK-1AF4D3AB8A,HAS_DRIVER
DEV-DELL-0326,DRV-DELL-6BBDE36D10,HAS_DRIVER
DEV-DELL-0326,DRV-BROADCOM-18C76647A3,HAS_DRIVER
DEV-HP-0327,DRV-INTEL-C32F6EC6B7,HAS_DRIVER
DEV-HP-0327,DRV-NVIDIA-F86DF40F00,HAS_DRIVER
DEV-HP-0327,DRV-HP-8F132A5744,HAS_DRIVER
DEV-HP-0327,DRV-BROADCOM-04C7F0B0F5,HAS_DRIVER
DEV-HP-0328,DRV-INTEL-07D41921A9,HAS_DRIVER
DEV-HP-0328,DRV-NVIDIA-F86DF40F00,HAS_DRIVER
DEV-HP-0328,DRV-HP-3298769181,HAS_DRIVER
DEV-HP-0328,DRV-BROADCOM-04C7F0B0F5,HAS_DRIVER
DEV-DELL-0329,DRV-BROADCOM-04C7F0B0F5,HAS_DRIVER
DEV-DELL-0329,DRV-INTEL-F1BB4322E0,HAS_DRIVER
DEV-DELL-0329,DRV-DELL-301AF4CFE3,HAS_DRIVER
DEV-HP-0330,DRV-REALTEK-8B0DBDB0C8,HAS_DRIVER
DEV-HP-0330,DRV-INTEL-30B2555CC9,HAS_DRIVER
DEV-HP-0330,DRV-HPE-D1072DE67D,HAS_DRIVER
DEV-HP-0331,DRV-BROADCOM-976E9A1969,HAS_DRIVER
DEV-HP-0331,DRV-INTEL-C5FED6A54F,HAS_DRIVER
DEV-HP-0331,DRV-HP-3298769181,HAS_DRIVER
DEV-HP-0332,DRV-INTEL-9440D9D3AB,HAS_DRIVER
DEV-HP-0332,DRV-BROADCOM-18C76647A3,HAS_DRIVER
DEV-HP-0332,DRV-HP-FE7069BD54,HAS_DRIVER
DEV-HP-0333,DRV-INTEL-8102BEA24F,HAS_DRIVER
DEV-HP-0333,DRV-REALTEK-99F9F08AE2,HAS_DRIVER
DEV-HP-0333,DRV-HP-B05331C613,HAS_DRIVER
DEV-HP-0333,DRV-BROADCOM-976E9A1969,HAS_DRIVER
DEV-HP-0334,DRV-INTEL-DA709DA80D,HAS_DRIVER
DEV-HP-0334,DRV-INTEL-9440D9D3AB,HAS_DRIVER
DEV-HP-0334,DRV-HP-3298769181,HAS_DRIVER
DEV-LENOVO-0335,DRV-INTEL-30B2555CC9,HAS_DRIVER
DEV-LENOVO-0335,DRV-INTEL-A04A45BB07,HAS_DRIVER
DEV-LENOVO-0335,DRV-LENOVO-FD4315CE6E,HAS_DRIVER
DEV-LENOVO-0336,DRV-INTEL-F809C78978,HAS_DRIVER
DEV-LENOVO-0336,DRV-REALTEK-99F9F08AE2,HAS_DRIVER
DEV-LENOVO-0336,DRV-SYNAPTICS-6FADD1FBCA,HAS_DRIVER
DEV-DELL-0337,DRV-BROADCOM-976E9A1969,HAS_DRIVER
DEV-DELL-0337,DRV-BROADCOM-EEAEEEBCEC,HAS_DRIVER
DEV-DELL-0337,DRV-DELL-A8B18FE647,HAS_DRIVER
DEV-HP-0338,DRV-INTEL-8102BEA24F,HAS_DRIVER
DEV-HP-0338,DRV-INTEL-F809C78978,HAS_DRIVER
DEV-HP-0338,DRV-HP-275087D1B3,HAS_DRIVER
DEV-HP-0338,DRV-BROADCOM-04C7F0B0F5,HAS_DRIVER
DEV-HP-0339,DRV-NVIDIA-F86DF40F00,HAS_DRIVER
DEV-HP-0339,DRV-INTEL-92948EDB19,HAS_DRIVER
DEV-HP-0339,DRV-HP-FE7069BD54,HAS_DRIVER
DEV-HP-0340,DRV-NVIDIA-F86DF40F00,HAS_DRIVER
DEV-HP-0340,DRV-REALTEK-9CCAE8693E,HAS_DRIVER
DEV-HP-0340,DRV-HP-FE7069BD54,HAS_DRIVER
DEV-LENOVO-0341,DRV-BROADCOM-04C7F0B0F5,HAS_DRIVER
DEV-LENOVO-0341,DRV-INTEL-A0286A6555,HAS_DRIVER
DEV-LENOVO-0341,DRV-SYNAPTICS-3F8B672098,HAS_DRIVER
DEV-DELL-0342,DRV-BROADCOM-EEAEEEBCEC,HAS_DRIVER
DEV-DELL-0342,DRV-INTEL-30B2555CC9,HAS_DRIVER
DEV-DELL-0342,DRV-DELL-A7AB8550CD,HAS_DRIVER
DEV-DELL-0343,DRV-BROADCOM-EEAEEEBCEC,HAS_DRIVER
DEV-DELL-0343,DRV-INTEL-DA709DA80D,HAS_DRIVER
DEV-DELL-0343,DRV-DELL-301AF4CFE3,HAS_DRIVER
DEV-DELL-0344,DRV-REALTEK-99F9F08AE2,HAS_DRIVER
DEV-DELL-0344,DRV-INTEL-C5FED6A54F,HAS_DRIVER
DEV-DELL-0344,DRV-DELL-49284F1994,HAS_DRIVER
DEV-HP-0345,DRV-NVIDIA-F86DF40F00,HAS_DRIVER
DEV-HP-0345,DRV-INTEL-A0286A6555,HAS_DRIVER
DEV-HP-0345,DRV-HP-B05331C613,HAS_DRIVER
DEV-DELL-0346,DRV-BROADCOM-EEAEEEBCEC,HAS_DRIVER
DEV-DELL-0346,DRV-INTEL-6E8818052F,HAS_DRIVER
DEV-DELL-0346,DRV-DELL-A8B18FE647,HAS_DRIVER
DEV-HP-0347,DRV-INTEL-5CF8B67595,HAS_DRIVER
DEV-HP-0347,DRV-BROADCOM-712A2F5A79,HAS_DRIVER
DEV-HP-0347,DRV-HP-275087D1B3,HAS_DRIVER
DEV-HP-0348,DRV-NVIDIA-F86DF40F00,HAS_DRIVER
DEV-HP-0348,DRV-INTEL-DA709DA80D,HAS_DRIVER
DEV-HP-0348,DRV-HPE-CB2FAB501A,HAS_DRIVER
DEV-DELL-0349,DRV-INTEL-F1BB4322E0,HAS_DRIVER
DEV-DELL-0349,DRV-INTEL-A04A45BB07,HAS_DRIVER
DEV-DELL-0349,DRV-DELL-0572FBDFAB,HAS_DRIVER
DEV-DELL-0350,DRV-REALTEK-99F9F08AE2,HAS_DRIVER
DEV-DELL-0350,DRV-INTEL-F809C78978,HAS_DRIVER
DEV-DELL-0350,DRV-DELL-49284F1994,HAS_DRIVER
DEV-LENOVO-0351,DRV-BROADCOM-6CDDC970CB,HAS_DRIVER
DEV-LENOVO-0351,DRV-NVIDIA-F86DF40F00,HAS_DRIVER
DEV-LENOVO-0351,DRV-SYNAPTICS-6FADD1FBCA,HAS_DRIVER
DEV-DELL-0352,DRV-BROADCOM-79916FDE65,HAS_DRIVER
DEV-DELL-0352,DRV-NVIDIA-F86DF40F00,HAS_DRIVER
DEV-DELL-0352,DRV-DELL-437F9F91D7,HAS_DRIVER
DEV-DELL-0353,DRV-INTEL-A1512838B1,HAS_DRIVER
DEV-DELL-0353,DRV-BROADCOM-976E9A1969,HAS_DRIVER
DEV-DELL-0353,DRV-DELL-49284F1994,HAS_DRIVER
DEV-LENOVO-0354,DRV-INTEL-8102BEA24F,HAS_DRIVER
DEV-LENOVO-0354,DRV-BROADCOM-04C7F0B0F5,HAS_DRIVER
DEV-LENOVO-0354,DRV-SYNAPTICS-0579A26944,HAS_DRIVER
DEV-LENOVO-0354,DRV-INTEL-9440D9D3AB,HAS_DRIVER
DEV-LENOVO-0355,DRV-INTEL-104FE7C895,HAS_DRIVER
DEV-LENOVO-0355,DRV-BROADCOM-79916FDE65,HAS_DRIVER
DEV-LENOVO-0355,DRV-SYNAPTICS-0579A26944,HAS_DRIVER
DEV-LENOVO-0355,DRV-INTEL-3DF58A09B7,HAS_DRIVER
DEV-DELL-0356,DRV-INTEL-104FE7C895,HAS_DRIVER
DEV-DELL-0356,DRV-NVIDIA-F86DF40F00,HAS_DRIVER
DEV-DELL-0356,DRV-DELL-437F9F91D7,HAS_DRIVER
DEV-LENOVO-0357,DRV-INTEL-5CF8B67595,HAS_DRIVER
DEV-LENOVO-0357,DRV-INTEL-07D41921A9,HAS_DRIVER
DEV-LENOVO-0357,DRV-LENOVO-659B62DB33,HAS_DRIVER
DEV-LENOVO-0357,DRV-INTEL-572E16DE2B,HAS_DRIVER
DEV-LENOVO-0358,DRV-INTEL-9440D9D3AB,HAS_DRIVER
DEV-LENOVO-0358,DRV-REALTEK-9CCAE8693E,HAS_DRIVER
DEV-LENOVO-0358,DRV-LENOVO-21D7F0BAAB,HAS_DRIVER
DEV-DELL-0359,DRV-INTEL-07D41921A9,HAS_DRIVER
DEV-DELL-0359,DRV-BROADCOM-976E9A1969,HAS_DRIVER
DEV-DELL-0359,DRV-DELL-E634B5C54D,HAS_DRIVER
DEV-HP-0360,DRV-BROADCOM-04C7F0B0F5,HAS_DRIVER
DEV-HP-0360,DRV-REALTEK-8B0DBDB0C8,HAS_DRIVER
DEV-HP-0360,DRV-HPE-CB2FAB501A,HAS_DRIVER
DEV-HP-0361,DRV-INTEL-A0286A6555,HAS_DRIVER
DEV-HP-0361,DRV-BROADCOM-04C7F0B0F5,HAS_DRIVER
DEV-HP-0361,DRV-HP-3298769181,HAS_DRIVER
DEV-LENOVO-0362,DRV-REALTEK-8B0DBDB0C8,HAS_DRIVER
DEV-LENOVO-0362,DRV-INTEL-9440D9D3AB,HAS_DRIVER
DEV-LENOVO-0362,DRV-LENOVO-FD4315CE6E,HAS_DRIVER
DEV-DELL-0363,DRV-REALTEK-1AF4D3AB8A,HAS_DRIVER
DEV-DELL-0363,DRV-REALTEK-8B0DBDB0C8,HAS_DRIVER
DEV-DELL-0363,DRV-DELL-6BBDE36D10,HAS_DRIVER
DEV-DELL-0364,DRV-INTEL-108EDBBA0F,HAS_DRIVER
DEV-DELL-0364,DRV-INTEL-07D41921A9,HAS_DRIVER
DEV-DELL-0364,DRV-DELL-363065213F,HAS_DRIVER
DEV-LENOVO-0365,DRV-NVIDIA-F86DF40F00,HAS_DRIVER
DEV-LENOVO-0365,DRV-INTEL-104FE7C895,HAS_DRIVER
DEV-LENOVO-0365,DRV-SYNAPTICS-6FADD1FBCA,HAS_DRIVER
DEV-LENOVO-0365,DRV-INTEL-F809C78978,HAS_DRIVER
DEV-DELL-0366,DRV-INTEL-87B2F6EC20,HAS_DRIVER
DEV-DELL-0366,DRV-INTEL-07D41921A9,HAS_DRIVER
DEV-DELL-0366,DRV-DELL-A8B18FE647,HAS_DRIVER
DEV-LENOVO-0367,DRV-INTEL-A0286A6555,HAS_DRIVER
DEV-LENOVO-0367,DRV-NVIDIA-F86DF40F00,HAS_DRIVER
DEV-LENOVO-0367,DRV-LENOVO-659B62DB33,HAS_DRIVER
DEV-HP-0368,DRV-BROADCOM-6CDDC970CB,HAS_DRIVER
DEV-HP-0368,DRV-REALTEK-8B0DBDB0C8,HAS_DRIVER
DEV-HP-0368,DRV-HPE-586A4F3E69,HAS_DRIVER
DEV-HP-0369,DRV-INTEL-87B2F6EC20,HAS_DRIVER
DEV-HP-0369,DRV-INTEL-A0286A6555,HAS_DRIVER
DEV-HP-0369,DRV-HP-446583B7B7,HAS_DRIVER
DEV-HP-0369,DRV-INTEL-30B2555CC9,HAS_DRIVER
DEV-HP-0370,DRV-INTEL-C32F6EC6B7,HAS_DRIVER
DEV-HP-0370,DRV-INTEL-104FE7C895,HAS_DRIVER
DEV-HP-0370,DRV-HP-EA822B7312,HAS_DRIVER
DEV-LENOVO-0371,DRV-INTEL-07D41921A9,HAS_DRIVER
DEV-LENOVO-0371,DRV-BROADCOM-18C76647A3,HAS_DRIVER
DEV-LENOVO-0371,DRV-SYNAPTICS-3F8B672098,HAS_DRIVER
DEV-LENOVO-0371,DRV-BROADCOM-976E9A1969,HAS_DRIVER
DEV-DELL-0372,DRV-NVIDIA-F86DF40F00,HAS_DRIVER
DEV-DELL-0372,DRV-INTEL-F809C78978,HAS_DRIVER
DEV-DELL-0372,DRV-DELL-A7AB8550CD,HAS_DRIVER
DEV-LENOVO-0373,DRV-INTEL-E87ACAFE4E,HAS_DRIVER
DEV-LENOVO-0373,DRV-REALTEK-1AF4D3AB8A,HAS_DRIVER
DEV-LENOVO-0373,DRV-LENOVO-A2EAB2267C,HAS_DRIVER
DEV-LENOVO-0373,DRV-INTEL-F809C78978,HAS_DRIVER
DEV-DELL-0374,DRV-INTEL-F1BB4322E0,HAS_DRIVER
DEV-DELL-0374,DRV-INTEL-C5FED6A54F,HAS_DRIVER
DEV-DELL-0374,DRV-DELL-437F9F91D7,HAS_DRIVER
DEV-DELL-0374,DRV-INTEL-9440D9D3AB,HAS_DRIVER
DEV-LENOVO-0375,DRV-INTEL-F1BB4322E0,HAS_DRIVER
DEV-LENOVO-0375,DRV-NVIDIA-F86DF40F00,HAS_DRIVER
DEV-LENOVO-0375,DRV-SYNAPTICS-0579A26944,HAS_DRIVER
DEV-LENOVO-0375,DRV-INTEL-5CF8B67595,HAS_DRIVER
DEV-DELL-0376,DRV-BROADCOM-04C7F0B0F5,HAS_DRIVER
DEV-DELL-0376,DRV-INTEL-3DF58A09B7,HAS_DRIVER
DEV-DELL-0376,DRV-DELL-301AF4CFE3,HAS_DRIVER
DEV-DELL-0377,DRV-INTEL-A1512838B1,HAS_DRIVER
DEV-DELL-0377,DRV-NVIDIA-F86DF40F00,HAS_DRIVER
DEV-DELL-0377,DRV-DELL-6BBDE36D10,HAS_DRIVER
DEV-HP-0378,DRV-INTEL-F1BB4322E0,HAS_DRIVER
DEV-HP-0378,DRV-INTEL-572E16DE2B,HAS_DRIVER
DEV-HP-0378,DRV-HP-EA822B7312,HAS_DRIVER
DEV-LENOVO-0379,DRV-BROADCOM-6CDDC970CB,HAS_DRIVER
DEV-LENOVO-0379,DRV-INTEL-92948EDB19,HAS_DRIVER
DEV-LENOVO-0379,DRV-LENOVO-341C1F1332,HAS_DRIVER
DEV-LENOVO-0379,DRV-INTEL-572E16DE2B,HAS_DRIVER
DEV-LENOVO-0380,DRV-INTEL-FE82CD6964,HAS_DRIVER
DEV-LENOVO-0380,DRV-INTEL-5CF8B67595,HAS_DRIVER
DEV-LENOVO-0380,DRV-LENOVO-659B62DB33,HAS_DRIVER
DEV-DELL-0381,DRV-BROADCOM-79916FDE65,HAS_DRIVER
DEV-DELL-0381,DRV-INTEL-DA709DA80D,HAS_DRIVER
DEV-DELL-0381,DRV-DELL-0572FBDFAB,HAS_DRIVER
DEV-DELL-0381,DRV-BROADCOM-04C7F0B0F5,HAS_DRIVER
DEV-DELL-0382,DRV-INTEL-9440D9D3AB,HAS_DRIVER
DEV-DELL-0382,DRV-BROADCOM-6CDDC970CB,HAS_DRIVER
DEV-DELL-0382,DRV-DELL-A8B18FE647,HAS_DRIVER
DEV-LENOVO-0383,DRV-NVIDIA-F86DF40F00,HAS_DRIVER
DEV-LENOVO-0383,DRV-INTEL-9440D9D3AB,HAS_DRIVER
DEV-LENOVO-0383,DRV-SYNAPTICS-3F8B672098,HAS_DRIVER
DEV-HP-0384,DRV-INTEL-6E8818052F,HAS_DRIVER
DEV-HP-0384,DRV-NVIDIA-F86DF40F00,HAS_DRIVER
DEV-HP-0384,DRV-HP-B05331C613,HAS_DRIVER
DEV-HP-0385,DRV-BROADCOM-EEAEEEBCEC,HAS_DRIVER
DEV-HP-0385,DRV-BROADCOM-976E9A1969,HAS_DRIVER
DEV-HP-0385,DRV-HP-B05331C613,HAS_DRIVER
DEV-DELL-0386,DRV-REALTEK-99F9F08AE2,HAS_DRIVER
DEV-DELL-0386,DRV-INTEL-6E8818052F,HAS_DRIVER
DEV-DELL-0386,DRV-DELL-0572FBDFAB,HAS_DRIVER
DEV-DELL-0387,DRV-INTEL-A04A45BB07,HAS_DRIVER
DEV-DELL-0387,DRV-INTEL-DA709DA80D,HAS_DRIVER
DEV-DELL-0387,DRV-DELL-301AF4CFE3,HAS_DRIVER
DEV-DELL-0388,DRV-BROADCOM-EEAEEEBCEC,HAS_DRIVER
DEV-DELL-0388,DRV-REALTEK-99F9F08AE2,HAS_DRIVER
DEV-DELL-0388,DRV-DELL-6BBDE36D10,HAS_DRIVER
DEV-LENOVO-0389,DRV-REALTEK-99F9F08AE2,HAS_DRIVER
DEV-LENOVO-0389,DRV-BROADCOM-976E9A1969,HAS_DRIVER
DEV-LENOVO-0389,DRV-LENOVO-659B62DB33,HAS_DRIVER
DEV-LENOVO-0390,DRV-BROADCOM-18C76647A3,HAS_DRIVER
DEV-LENOVO-0390,DRV-INTEL-07D41921A9,HAS_DRIVER
DEV-LENOVO-0390,DRV-LENOVO-659B62DB33,HAS_DRIVER
DEV-HP-0391,DRV-INTEL-A0286A6555,HAS_DRIVER
DEV-HP-0391,DRV-INTEL-572E16DE2B,HAS_DRIVER
DEV-HP-0391,DRV-HP-275087D1B3,HAS_DRIVER
DEV-LENOVO-0392,DRV-INTEL-07D41921A9,HAS_DRIVER
DEV-LENOVO-0392,DRV-INTEL-F809C78978,HAS_DRIVER
DEV-LENOVO-0392,DRV-SYNAPTICS-3F8B672098,HAS_DRIVER
DEV-DELL-0393,DRV-INTEL-F1BB4322E0,HAS_DRIVER
DEV-DELL-0393,DRV-INTEL-E87ACAFE4E,HAS_DRIVER
DEV-DELL-0393,DRV-DELL-363065213F,HAS_DRIVER
DEV-DELL-0393,DRV-BROADCOM-F5431F61D1,HAS_DRIVER
DEV-HP-0394,DRV-REALTEK-9CCAE8693E,HAS_DRIVER
DEV-HP-0394,DRV-INTEL-3DF58A09B7,HAS_DRIVER
DEV-HP-0394,DRV-HP-446583B7B7,HAS_DRIVER
DEV-HP-0394,DRV-INTEL-C5FED6A54F,HAS_DRIVER
DEV-LENOVO-0395,DRV-INTEL-FE82CD6964,HAS_DRIVER
DEV-LENOVO-0395,DRV-INTEL-8102BEA24F,HAS_DRIVER
DEV-LENOVO-0395,DRV-LENOVO-A1E23AB856,HAS_DRIVER
DEV-HP-0396,DRV-BROADCOM-18C76647A3,HAS_DRIVER
DEV-HP-0396,DRV-INTEL-C94BBF26AF,HAS_DRIVER
DEV-HP-0396,DRV-HP-3298769181,HAS_DRIVER
DEV-LENOVO-0397,DRV-BROADCOM-79916FDE65,HAS_DRIVER
DEV-LENOVO-0397,DRV-INTEL-9440D9D3AB,HAS_DRIVER
DEV-LENOVO-0397,DRV-LENOVO-341C1F1332,HAS_DRIVER
DEV-LENOVO-0397,DRV-BROADCOM-6CDDC970CB,HAS_DRIVER
DEV-DELL-0398,DRV-INTEL-8102BEA24F,HAS_DRIVER
DEV-DELL-0398,DRV-INTEL-C5FED6A54F,HAS_DRIVER
DEV-DELL-0398,DRV-DELL-E634B5C54D,HAS_DRIVER
DEV-DELL-0398,DRV-BROADCOM-976E9A1969,HAS_DRIVER
DEV-HP-0399,DRV-BROADCOM-18C76647A3,HAS_DRIVER
DEV-HP-0399,DRV-BROADCOM-F5431F61D1,HAS_DRIVER
DEV-HP-0399,DRV-HPE-D1072DE67D,HAS_DRIVER
DEV-HP-0400,DRV-INTEL-E87ACAFE4E,HAS_DRIVER
DEV-HP-0400,DRV-INTEL-92948EDB19,HAS_DRIVER
DEV-HP-0400,DRV-HP-275087D1B3,HAS_DRIVER
DEV-HP-0401,DRV-BROADCOM-6CDDC970CB,HAS_DRIVER
DEV-HP-0401,DRV-REALTEK-99F9F08AE2,HAS_DRIVER
DEV-HP-0401,DRV-HP-3298769181,HAS_DRIVER
DEV-HP-0401,DRV-INTEL-A0286A6555,HAS_DRIVER
DEV-DELL-0402,DRV-INTEL-A04A45BB07,HAS_DRIVER
DEV-DELL-0402,DRV-REALTEK-9CCAE8693E,HAS_DRIVER
DEV-DELL-0402,DRV-DELL-A8B18FE647,HAS_DRIVER
DEV-DELL-0403,DRV-INTEL-5CF8B67595,HAS_DRIVER
DEV-DELL-0403,DRV-INTEL-E2C439A2DB,HAS_DRIVER
DEV-DELL-0403,DRV-DELL-437F9F91D7,HAS_DRIVER
DEV-LENOVO-0404,DRV-INTEL-9440D9D3AB,HAS_DRIVER
DEV-LENOVO-0404,DRV-INTEL-C94BBF26AF,HAS_DRIVER
DEV-LENOVO-0404,DRV-SYNAPTICS-3F8B672098,HAS_DRIVER
DEV-LENOVO-0404,DRV-INTEL-F809C78978,HAS_DRIVER
DEV-LENOVO-0405,DRV-INTEL-A1512838B1,HAS_DRIVER
DEV-LENOVO-0405,DRV-INTEL-E2C439A2DB,HAS_DRIVER
DEV-LENOVO-0405,DRV-LENOVO-659B62DB33,HAS_DRIVER
DEV-HP-0406,DRV-NVIDIA-F86DF40F00,HAS_DRIVER
DEV-HP-0406,DRV-INTEL-108EDBBA0F,HAS_DRIVER
DEV-HP-0406,DRV-HP-4C3E2F67B1,HAS_DRIVER
DEV-LENOVO-0407,DRV-INTEL-E2C439A2DB,HAS_DRIVER
DEV-LENOVO-0407,DRV-INTEL-108EDBBA0F,HAS_DRIVER
DEV-LENOVO-0407,DRV-SYNAPTICS-670CADE0A0,HAS_DRIVER
DEV-LENOVO-0407,DRV-INTEL-8102BEA24F,HAS_DRIVER
DEV-HP-0408,DRV-NVIDIA-F86DF40F00,HAS_DRIVER
DEV-HP-0408,DRV-BROADCOM-79916FDE65,HAS_DRIVER
DEV-HP-0408,DRV-HP-FE7069BD54,HAS_DRIVER
DEV-DELL-0409,DRV-INTEL-87B2F6EC20,HAS_DRIVER
DEV-DELL-0409,DRV-REALTEK-9CCAE8693E,HAS_DRIVER
DEV-DELL-0409,DRV-DELL-0572FBDFAB,HAS_DRIVER
DEV-HP-0410,DRV-BROADCOM-79916FDE65,HAS_DRIVER
DEV-HP-0410,DRV-REALTEK-1AF4D3AB8A,HAS_DRIVER
DEV-HP-0410,DRV-HP-8F132A5744,HAS_DRIVER
DEV-HP-0411,DRV-INTEL-C32F6EC6B7,HAS_DRIVER
DEV-HP-0411,DRV-INTEL-A0286A6555,HAS_DRIVER
DEV-HP-0411,DRV-HPE-586A4F3E69,HAS_DRIVER
DEV-HP-0411,DRV-BROADCOM-712A2F5A79,HAS_DRIVER
DEV-LENOVO-0412,DRV-BROADCOM-712A2F5A79,HAS_DRIVER
DEV-LENOVO-0412,DRV-INTEL-5CF8B67595,HAS_DRIVER
DEV-LENOVO-0412,DRV-SYNAPTICS-3F8B672098,HAS_DRIVER
DEV-HP-0413,DRV-INTEL-A1512838B1,HAS_DRIVER
DEV-HP-0413,DRV-INTEL-C94BBF26AF,HAS_DRIVER
DEV-HP-0413,DRV-HP-EA822B7312,HAS_DRIVER
DEV-DELL-0414,DRV-INTEL-6E8818052F,HAS_DRIVER
DEV-DELL-0414,DRV-BROADCOM-976E9A1969,HAS_DRIVER
DEV-DELL-0414,DRV-DELL-0572FBDFAB,HAS_DRIVER
DEV-DELL-0415,DRV-NVIDIA-F86DF40F00,HAS_DRIVER
DEV-DELL-0415,DRV-INTEL-F809C78978,HAS_DRIVER
DEV-DELL-0415,DRV-DELL-437F9F91D7,HAS_DRIVER
DEV-DELL-0415,DRV-BROADCOM-04C7F0B0F5,HAS_DRIVER
DEV-DELL-0416,DRV-BROADCOM-79916FDE65,HAS_DRIVER
DEV-DELL-0416,DRV-BROADCOM-EEAEEEBCEC,HAS_DRIVER
DEV-DELL-0416,DRV-DELL-0572FBDFAB,HAS_DRIVER
DEV-HP-0417,DRV-INTEL-3DF58A09B7,HAS_DRIVER
DEV-HP-0417,DRV-INTEL-E2C439A2DB,HAS_DRIVER
DEV-HP-0417,DRV-HP-3298769181,HAS_DRIVER
DEV-HP-0418,DRV-REALTEK-1AF4D3AB8A,HAS_DRIVER
DEV-HP-0418,DRV-BROADCOM-EEAEEEBCEC,HAS_DRIVER
DEV-HP-0418,DRV-HP-B05331C613,HAS_DRIVER
DEV-LENOVO-0419,DRV-INTEL-A0286A6555,HAS_DRIVER
DEV-LENOVO-0419,DRV-INTEL-E2C439A2DB,HAS_DRIVER
DEV-LENOVO-0419,DRV-SYNAPTICS-6FADD1FBCA,HAS_DRIVER
DEV-DELL-0420,DRV-REALTEK-99F9F08AE2,HAS_DRIVER
DEV-DELL-0420,DRV-INTEL-108EDBBA0F,HAS_DRIVER
DEV-DELL-0420,DRV-DELL-0572FBDFAB,HAS_DRIVER
DEV-DELL-0420,DRV-INTEL-572E16DE2B,HAS_DRIVER
DEV-DELL-0421,DRV-INTEL-9440D9D3AB,HAS_DRIVER
DEV-DELL-0421,DRV-REALTEK-9CCAE8693E,HAS_DRIVER
DEV-DELL-0421,DRV-DELL-A7AB8550CD,HAS_DRIVER
DEV-LENOVO-0422,DRV-NVIDIA-F86DF40F00,HAS_DRIVER
DEV-LENOVO-0422,DRV-INTEL-E87ACAFE4E,HAS_DRIVER
DEV-LENOVO-0422,DRV-SYNAPTICS-670CADE0A0,HAS_DRIVER
DEV-LENOVO-0423,DRV-NVIDIA-F86DF40F00,HAS_DRIVER
DEV-LENOVO-0423,DRV-BROADCOM-F5431F61D1,HAS_DRIVER
DEV-LENOVO-0423,DRV-SYNAPTICS-670CADE0A0,HAS_DRIVER
DEV-LENOVO-0423,DRV-BROADCOM-712A2F5A79,HAS_DRIVER
DEV-DELL-0424,DRV-INTEL-6E8818052F,HAS_DRIVER
DEV-DELL-0424,DRV-BROADCOM-79916FDE65,HAS_DRIVER
DEV-DELL-0424,DRV-DELL-A7AB8550CD,HAS_DRIVER
DEV-HP-0425,DRV-INTEL-E87ACAFE4E,HAS_DRIVER
DEV-HP-0425,DRV-BROADCOM-79916FDE65,HAS_DRIVER
DEV-HP-0425,DRV-HP-FE7069BD54,HAS_DRIVER
DEV-HP-0425,DRV-INTEL-87B2F6EC20,HAS_DRIVER
DEV-DELL-0426,DRV-BROADCOM-EEAEEEBCEC,HAS_DRIVER
DEV-DELL-0426,DRV-INTEL-C32F6EC6B7,HAS_DRIVER
DEV-DELL-0426,DRV-DELL-E634B5C54D,HAS_DRIVER
DEV-DELL-0426,DRV-INTEL-572E16DE2B,HAS_DRIVER
DEV-HP-0427,DRV-INTEL-3DF58A09B7,HAS_DRIVER
DEV-HP-0427,DRV-INTEL-104FE7C895,HAS_DRIVER
DEV-HP-0427,DRV-HP-446583B7B7,HAS_DRIVER
DEV-HP-0427,DRV-BROADCOM-EEAEEEBCEC,HAS_DRIVER
DEV-HP-0428,DRV-INTEL-9440D9D3AB,HAS_DRIVER
DEV-HP-0428,DRV-INTEL-DA709DA80D,HAS_DRIVER
DEV-HP-0428,DRV-HP-4C3E2F67B1,HAS_DRIVER
DEV-HP-0428,DRV-BROADCOM-79916FDE65,HAS_DRIVER
DEV-DELL-0429,DRV-INTEL-108EDBBA0F,HAS_DRIVER
DEV-DELL-0429,DRV-REALTEK-99F9F08AE2,HAS_DRIVER
DEV-DELL-0429,DRV-DELL-E634B5C54D,HAS_DRIVER
DEV-HP-0430,DRV-REALTEK-99F9F08AE2,HAS_DRIVER
DEV-HP-0430,DRV-REALTEK-99F9F08AE2,HAS_DRIVER
DEV-HP-0430,DRV-HP-4C3E2F67B1,HAS_DRIVER
DEV-HP-0430,DRV-BROADCOM-EEAEEEBCEC,HAS_DRIVER
DEV-HP-0431,DRV-INTEL-F1BB4322E0,HAS_DRIVER
DEV-HP-0431,DRV-REALTEK-1AF4D3AB8A,HAS_DRIVER
DEV-HP-0431,DRV-HP-3298769181,HAS_DRIVER
DEV-LENOVO-0432,DRV-INTEL-30B2555CC9,HAS_DRIVER
DEV-LENOVO-0432,DRV-INTEL-30B2555CC9,HAS_DRIVER
DEV-LENOVO-0432,DRV-LENOVO-21D7F0BAAB,HAS_DRIVER
DEV-DELL-0433,DRV-BROADCOM-6CDDC970CB,HAS_DRIVER
DEV-DELL-0433,DRV-INTEL-A0286A6555,HAS_DRIVER
DEV-DELL-0433,DRV-DELL-A7AB8550CD,HAS_DRIVER
DEV-DELL-0433,DRV-BROADCOM-712A2F5A79,HAS_DRIVER
DEV-HP-0434,DRV-INTEL-104FE7C895,HAS_DRIVER
DEV-HP-0434,DRV-REALTEK-8B0DBDB0C8,HAS_DRIVER
DEV-HP-0434,DRV-HP-FE7069BD54,HAS_DRIVER
DEV-DELL-0435,DRV-INTEL-8102BEA24F,HAS_DRIVER
DEV-DELL-0435,DRV-INTEL-30B2555CC9,HAS_DRIVER
DEV-DELL-0435,DRV-DELL-437F9F91D7,HAS_DRIVER
DEV-HP-0436,DRV-INTEL-C32F6EC6B7,HAS_DRIVER
DEV-HP-0436,DRV-BROADCOM-6CDDC970CB,HAS_DRIVER
DEV-HP-0436,DRV-HPE-586A4F3E69,HAS_DRIVER
DEV-LENOVO-0437,DRV-NVIDIA-F86DF40F00,HAS_DRIVER
DEV-LENOVO-0437,DRV-INTEL-A0286A6555,HAS_DRIVER
DEV-LENOVO-0437,DRV-LENOVO-A2EAB2267C,HAS_DRIVER
DEV-HP-0438,DRV-REALTEK-9CCAE8693E,HAS_DRIVER
DEV-HP-0438,DRV-REALTEK-99F9F08AE2,HAS_DRIVER
DEV-HP-0438,DRV-HP-EA822B7312,HAS_DRIVER
DEV-HP-0439,DRV-INTEL-5CF8B67595,HAS_DRIVER
DEV-HP-0439,DRV-NVIDIA-F86DF40F00,HAS_DRIVER
DEV-HP-0439,DRV-HP-446583B7B7,HAS_DRIVER
DEV-HP-0439,DRV-INTEL-8102BEA24F,HAS_DRIVER
DEV-LENOVO-0440,DRV-BROADCOM-EEAEEEBCEC,HAS_DRIVER
DEV-LENOVO-0440,DRV-NVIDIA-F86DF40F00,HAS_DRIVER
DEV-LENOVO-0440,DRV-LENOVO-A2EAB2267C,HAS_DRIVER
DEV-DELL-0441,DRV-INTEL-92948EDB19,HAS_DRIVER
DEV-DELL-0441,DRV-INTEL-A0286A6555,HAS_DRIVER
DEV-DELL-0441,DRV-DELL-49284F1994,HAS_DRIVER
DEV-DELL-0441,DRV-INTEL-104FE7C895,HAS_DRIVER
DEV-HP-0442,DRV-NVIDIA-F86DF40F00,HAS_DRIVER
DEV-HP-0442,DRV-INTEL-DA709DA80D,HAS_DRIVER
DEV-HP-0442,DRV-HP-275087D1B3,HAS_DRIVER
DEV-DELL-0443,DRV-NVIDIA-F86DF40F00,HAS_DRIVER
DEV-DELL-0443,DRV-INTEL-572E16DE2B,HAS_DRIVER
DEV-DELL-0443,DRV-DELL-674B2D3BF5,HAS_DRIVER
DEV-LENOVO-0444,DRV-INTEL-A1512838B1,HAS_DRIVER
DEV-LENOVO-0444,DRV-REALTEK-9CCAE8693E,HAS_DRIVER
DEV-LENOVO-0444,DRV-LENOVO-659B62DB33,HAS_DRIVER
DEV-HP-0445,DRV-INTEL-3DF58A09B7,HAS_DRIVER
DEV-HP-0445,DRV-INTEL-A0286A6555,HAS_DRIVER
DEV-HP-0445,DRV-HPE-D1072DE67D,HAS_DRIVER
DEV-HP-0446,DRV-INTEL-A1512838B1,HAS_DRIVER
DEV-HP-0446,DRV-INTEL-30B2555CC9,HAS_DRIVER
DEV-HP-0446,DRV-HP-8F132A5744,HAS_DRIVER
DEV-HP-0446,DRV-BROADCOM-79916FDE65,HAS_DRIVER
DEV-DELL-0447,DRV-INTEL-3DF58A09B7,HAS_DRIVER
DEV-DELL-0447,DRV-INTEL-5CF8B67595,HAS_DRIVER
DEV-DELL-0447,DRV-DELL-A8B18FE647,HAS_DRIVER
DEV-DELL-0448,DRV-INTEL-6E8818052F,HAS_DRIVER
DEV-DELL-0448,DRV-INTEL-07D41921A9,HAS_DRIVER
DEV-DELL-0448,DRV-DELL-674B2D3BF5,HAS_DRIVER
DEV-DELL-0449,DRV-INTEL-8102BEA24F,HAS_DRIVER
DEV-DELL-0449,DRV-INTEL-E2C439A2DB,HAS_DRIVER
DEV-DELL-0449,DRV-DELL-49284F1994,HAS_DRIVER
DEV-HP-0450,DRV-BROADCOM-79916FDE65,HAS_DRIVER
DEV-HP-0450,DRV-INTEL-104FE7C895,HAS_DRIVER
DEV-HP-0450,DRV-HP-EA822B7312,HAS_DRIVER
DEV-HP-0450,DRV-BROADCOM-6CDDC970CB,HAS_DRIVER
DEV-DELL-0451,DRV-NVIDIA-F86DF40F00,HAS_DRIVER
DEV-DELL-0451,DRV-INTEL-C94BBF26AF,HAS_DRIVER
DEV-DELL-0451,DRV-DELL-A7AB8550CD,HAS_DRIVER
DEV-LENOVO-0452,DRV-NVIDIA-F86DF40F00,HAS_DRIVER
DEV-LENOVO-0452,DRV-INTEL-A0286A6555,HAS_DRIVER
DEV-LENOVO-0452,DRV-LENOVO-341C1F1332,HAS_DRIVER
DEV-DELL-0453,DRV-INTEL-F1BB4322E0,HAS_DRIVER
DEV-DELL-0453,DRV-BROADCOM-712A2F5A79,HAS_DRIVER
DEV-DELL-0453,DRV-DELL-437F9F91D7,HAS_DRIVER
DEV-DELL-0454,DRV-INTEL-07D41921A9,HAS_DRIVER
DEV-DELL-0454,DRV-BROADCOM-79916FDE65,HAS_DRIVER
DEV-DELL-0454,DRV-DELL-49284F1994,HAS_DRIVER
DEV-DELL-0454,DRV-BROADCOM-6CDDC970CB,HAS_DRIVER
DEV-HP-0455,DRV-REALTEK-1AF4D3AB8A,HAS_DRIVER
DEV-HP-0455,DRV-INTEL-A1512838B1,HAS_DRIVER
DEV-HP-0455,DRV-HP-446583B7B7,HAS_DRIVER
DEV-HP-0456,DRV-INTEL-30B2555CC9,HAS_DRIVER
DEV-HP-0456,DRV-NVIDIA-F86DF40F00,HAS_DRIVER
DEV-HP-0456,DRV-HP-4C3E2F67B1,HAS_DRIVER
DEV-DELL-0457,DRV-NVIDIA-F86DF40F00,HAS_DRIVER
DEV-DELL-0457,DRV-INTEL-07D41921A9,HAS_DRIVER
DEV-DELL-0457,DRV-DELL-A7AB8550CD,HAS_DRIVER
DEV-LENOVO-0458,DRV-NVIDIA-F86DF40F00,HAS_DRIVER
DEV-LENOVO-0458,DRV-INTEL-A1512838B1,HAS_DRIVER
DEV-LENOVO-0458,DRV-SYNAPTICS-670CADE0A0,HAS_DRIVER
DEV-LENOVO-0458,DRV-INTEL-87B2F6EC20,HAS_DRIVER
DEV-LENOVO-0459,DRV-INTEL-87B2F6EC20,HAS_DRIVER
DEV-LENOVO-0459,DRV-INTEL-5CF8B67595,HAS_DRIVER
DEV-LENOVO-0459,DRV-LENOVO-659B62DB33,HAS_DRIVER
DEV-DELL-0460,DRV-BROADCOM-712A2F5A79,HAS_DRIVER
DEV-DELL-0460,DRV-BROADCOM-976E9A1969,HAS_DRIVER
DEV-DELL-0460,DRV-DELL-A7AB8550CD,HAS_DRIVER
DEV-DELL-0460,DRV-INTEL-F809C78978,HAS_DRIVER
DEV-DELL-0461,DRV-INTEL-30B2555CC9,HAS_DRIVER
DEV-DELL-0461,DRV-NVIDIA-F86DF40F00,HAS_DRIVER
DEV-DELL-0461,DRV-DELL-674B2D3BF5,HAS_DRIVER
DEV-LENOVO-0462,DRV-INTEL-6E8818052F,HAS_DRIVER
DEV-LENOVO-0462,DRV-INTEL-C94BBF26AF,HAS_DRIVER
DEV-LENOVO-0462,DRV-LENOVO-659B62DB33,HAS_DRIVER
DEV-LENOVO-0462,DRV-INTEL-30B2555CC9,HAS_DRIVER
DEV-DELL-0463,DRV-INTEL-572E16DE2B,HAS_DRIVER
DEV-DELL-0463,DRV-NVIDIA-F86DF40F00,HAS_DRIVER
DEV-DELL-0463,DRV-DELL-E634B5C54D,HAS_DRIVER
DEV-LENOVO-0464,DRV-INTEL-104FE7C895,HAS_DRIVER
DEV-LENOVO-0464,DRV-INTEL-07D41921A9,HAS_DRIVER
DEV-LENOVO-0464,DRV-SYNAPTICS-670CADE0A0,HAS_DRIVER
DEV-DELL-0465,DRV-REALTEK-1AF4D3AB8A,HAS_DRIVER
DEV-DELL-0465,DRV-INTEL-F1BB4322E0,HAS_DRIVER
DEV-DELL-0465,DRV-DELL-301AF4CFE3,HAS_DRIVER
DEV-HP-0466,DRV-INTEL-6E8818052F,HAS_DRIVER
DEV-HP-0466,DRV-INTEL-8102BEA24F,HAS_DRIVER
DEV-HP-0466,DRV-HP-EA822B7312,HAS_DRIVER
DEV-HP-0466,DRV-BROADCOM-79916FDE65,HAS_DRIVER
DEV-DELL-0467,DRV-INTEL-E2C439A2DB,HAS_DRIVER
DEV-DELL-0467,DRV-BROADCOM-712A2F5A79,HAS_DRIVER
DEV-DELL-0467,DRV-DELL-0572FBDFAB,HAS_DRIVER
DEV-DELL-0467,DRV-INTEL-C32F6EC6B7,HAS_DRIVER
DEV-DELL-0468,DRV-INTEL-DA709DA80D,HAS_DRIVER
DEV-DELL-0468,DRV-INTEL-104FE7C895,HAS_DRIVER
DEV-DELL-0468,DRV-DELL-61F0A64A98,HAS_DRIVER
DEV-DELL-0469,DRV-INTEL-9440D9D3AB,HAS_DRIVER
DEV-DELL-0469,DRV-INTEL-87B2F6EC20,HAS_DRIVER
DEV-DELL-0469,DRV-DELL-6BBDE36D10,HAS_DRIVER
DEV-DELL-0469,DRV-INTEL-F809C78978,HAS_DRIVER
DEV-HP-0470,DRV-INTEL-572E16DE2B,HAS_DRIVER
DEV-HP-0470,DRV-INTEL-30B2555CC9,HAS_DRIVER
DEV-HP-0470,DRV-HPE-586A4F3E69,HAS_DRIVER
DEV-HP-0471,DRV-INTEL-F1BB4322E0,HAS_DRIVER
DEV-HP-0471,DRV-INTEL-E2C439A2DB,HAS_DRIVER
DEV-HP-0471,DRV-HP-8F132A5744,HAS_DRIVER
DEV-HP-0472,DRV-INTEL-87B2F6EC20,HAS_DRIVER
DEV-HP-0472,DRV-NVIDIA-F86DF40F00,HAS_DRIVER
DEV-HP-0472,DRV-HPE-D1072DE67D,HAS_DRIVER
DEV-DELL-0473,DRV-NVIDIA-F86DF40F00,HAS_DRIVER
DEV-DELL-0473,DRV-INTEL-30B2555CC9,HAS_DRIVER
DEV-DELL-0473,DRV-DELL-6BBDE36D10,HAS_DRIVER
DEV-DELL-0474,DRV-NVIDIA-F86DF40F00,HAS_DRIVER
DEV-DELL-0474,DRV-BROADCOM-04C7F0B0F5,HAS_DRIVER
DEV-DELL-0474,DRV-DELL-6EAF2612B0,HAS_DRIVER
DEV-DELL-0475,DRV-REALTEK-1AF4D3AB8A,HAS_DRIVER
DEV-DELL-0475,DRV-INTEL-E87ACAFE4E,HAS_DRIVER
DEV-DELL-0475,DRV-DELL-437F9F91D7,HAS_DRIVER
DEV-DELL-0475,DRV-BROADCOM-976E9A1969,HAS_DRIVER
DEV-HP-0476,DRV-INTEL-8102BEA24F,HAS_DRIVER
DEV-HP-0476,DRV-BROADCOM-712A2F5A79,HAS_DRIVER
DEV-HP-0476,DRV-HP-B05331C613,HAS_DRIVER
DEV-HP-0477,DRV-BROADCOM-712A2F5A79,HAS_DRIVER
DEV-HP-0477,DRV-INTEL-F809C78978,HAS_DRIVER
DEV-HP-0477,DRV-HP-FE7069BD54,HAS_DRIVER
DEV-LENOVO-0478,DRV-BROADCOM-712A2F5A79,HAS_DRIVER
DEV-LENOVO-0478,DRV-REALTEK-1AF4D3AB8A,HAS_DRIVER
DEV-LENOVO-0478,DRV-SYNAPTICS-3F8B672098,HAS_DRIVER
DEV-DELL-0479,DRV-INTEL-87B2F6EC20,HAS_DRIVER
DEV-DELL-0479,DRV-NVIDIA-F86DF40F00,HAS_DRIVER
DEV-DELL-0479,DRV-DELL-61F0A64A98,HAS_DRIVER
DEV-LENOVO-0480,DRV-REALTEK-1AF4D3AB8A,HAS_DRIVER
DEV-LENOVO-0480,DRV-INTEL-8102BEA24F,HAS_DRIVER
DEV-LENOVO-0480,DRV-LENOVO-659B62DB33,HAS_DRIVER
DEV-LENOVO-0481,DRV-BROADCOM-F5431F61D1,HAS_DRIVER
DEV-LENOVO-0481,DRV-BROADCOM-712A2F5A79,HAS_DRIVER
DEV-LENOVO-0481,DRV-SYNAPTICS-670CADE0A0,HAS_DRIVER
DEV-LENOVO-0482,DRV-INTEL-F809C78978,HAS_DRIVER
DEV-LENOVO-0482,DRV-INTEL-9440D9D3AB,HAS_DRIVER
DEV-LENOVO-0482,DRV-LENOVO-659B62DB33,HAS_DRIVER
DEV-LENOVO-0482,DRV-INTEL-104FE7C895,HAS_DRIVER
DEV-DELL-0483,DRV-BROADCOM-EEAEEEBCEC,HAS_DRIVER
DEV-DELL-0483,DRV-INTEL-C94BBF26AF,HAS_DRIVER
DEV-DELL-0483,DRV-DELL-437F9F91D7,HAS_DRIVER
DEV-DELL-0484,DRV-INTEL-9440D9D3AB,HAS_DRIVER
DEV-DELL-0484,DRV-NVIDIA-F86DF40F00,HAS_DRIVER
DEV-DELL-0484,DRV-DELL-301AF4CFE3,HAS_DRIVER
DEV-DELL-0484,DRV-BROADCOM-F5431F61D1,HAS_DRIVER
DEV-DELL-0485,DRV-BROADCOM-79916FDE65,HAS_DRIVER
DEV-DELL-0485,DRV-INTEL-FE82CD6964,HAS_DRIVER
DEV-DELL-0485,DRV-DELL-6EAF2612B0,HAS_DRIVER
DEV-DELL-0486,DRV-REALTEK-99F9F08AE2,HAS_DRIVER
DEV-DELL-0486,DRV-INTEL-572E16DE2B,HAS_DRIVER
DEV-DELL-0486,DRV-DELL-A8B18FE647,HAS_DRIVER
DEV-DELL-0486,DRV-BROADCOM-04C7F0B0F5,HAS_DRIVER
DEV-LENOVO-0487,DRV-BROADCOM-712A2F5A79,HAS_DRIVER
DEV-LENOVO-0487,DRV-INTEL-3DF58A09B7,HAS_DRIVER
DEV-LENOVO-0487,DRV-LENOVO-341C1F1332,HAS_DRIVER
DEV-LENOVO-0488,DRV-BROADCOM-04C7F0B0F5,HAS_DRIVER
DEV-LENOVO-0488,DRV-INTEL-FE82CD6964,HAS_DRIVER
DEV-LENOVO-0488,DRV-SYNAPTICS-6FADD1FBCA,HAS_DRIVER
DEV-HP-0489,DRV-INTEL-5CF8B67595,HAS_DRIVER
DEV-HP-0489,DRV-INTEL-5CF8B67595,HAS_DRIVER
DEV-HP-0489,DRV-HPE-586A4F3E69,HAS_DRIVER
DEV-DELL-0490,DRV-NVIDIA-F86DF40F00,HAS_DRIVER
DEV-DELL-0490,DRV-BROADCOM-EEAEEEBCEC,HAS_DRIVER
DEV-DELL-0490,DRV-DELL-6BBDE36D10,HAS_DRIVER
DEV-HP-0491,DRV-INTEL-572E16DE2B,HAS_DRIVER
DEV-HP-0491,DRV-BROADCOM-F5431F61D1,HAS_DRIVER
DEV-HP-0491,DRV-HP-4C3E2F67B1,HAS_DRIVER
DEV-HP-0491,DRV-INTEL-C5FED6A54F,HAS_DRIVER
DEV-DELL-0492,DRV-INTEL-104FE7C895,HAS_DRIVER
DEV-DELL-0492,DRV-INTEL-DA709DA80D,HAS_DRIVER
DEV-DELL-0492,DRV-DELL-49284F1994,HAS_DRIVER
DEV-DELL-0492,DRV-INTEL-3DF58A09B7,HAS_DRIVER
DEV-HP-0493,DRV-REALTEK-9CCAE8693E,HAS_DRIVER
DEV-HP-0493,DRV-INTEL-5CF8B67595,HAS_DRIVER
DEV-HP-0493,DRV-HP-4C3E2F67B1,HAS_DRIVER
DEV-HP-0493,DRV-INTEL-9440D9D3AB,HAS_DRIVER
DEV-LENOVO-0494,DRV-INTEL-8102BEA24F,HAS_DRIVER
DEV-LENOVO-0494,DRV-NVIDIA-F86DF40F00,HAS_DRIVER
DEV-LENOVO-0494,DRV-LENOVO-4463291A50,HAS_DRIVER
DEV-LENOVO-0494,DRV-INTEL-104FE7C895,HAS_DRIVER
DEV-DELL-0495,DRV-INTEL-DA709DA80D,HAS_DRIVER
DEV-DELL-0495,DRV-INTEL-C32F6EC6B7,HAS_DRIVER
DEV-DELL-0495,DRV-DELL-49284F1994,HAS_DRIVER
DEV-HP-0496,DRV-INTEL-07D41921A9,HAS_DRIVER
DEV-HP-0496,DRV-REALTEK-8B0DBDB0C8,HAS_DRIVER
DEV-HP-0496,DRV-HP-275087D1B3,HAS_DRIVER
DEV-DELL-0497,DRV-NVIDIA-F86DF40F00,HAS_DRIVER
DEV-DELL-0497,DRV-BROADCOM-79916FDE65,HAS_DRIVER
DEV-DELL-0497,DRV-DELL-49284F1994,HAS_DRIVER
DEV-HP-0498,DRV-NVIDIA-F86DF40F00,HAS_DRIVER
DEV-HP-0498,DRV-BROADCOM-18C76647A3,HAS_DRIVER
DEV-HP-0498,DRV-HP-8F132A5744,HAS_DRIVER
DEV-HP-0498,DRV-BROADCOM-712A2F5A79,HAS_DRIVER
DEV-LENOVO-0499,DRV-INTEL-07D41921A9,HAS_DRIVER
DEV-LENOVO-0499,DRV-BROADCOM-976E9A1969,HAS_DRIVER
DEV-LENOVO-0499,DRV-LENOVO-A2EAB2267C,HAS_DRIVER
DEV-DELL-0500,DRV-NVIDIA-F86DF40F00,HAS_DRIVER
DEV-DELL-0500,DRV-NVIDIA-F86DF40F00,HAS_DRIVER
DEV-DELL-0500,DRV-DELL-437F9F91D7,HAS_DRIVER
